addr,name,comment
00401000,FUN_00401000,"souls.exe function, 81 bytes"
00401051,FUN_00401051,"souls.exe function, 176 bytes"
00401125,FUN_00401125,"souls.exe function, 18 bytes"
00401137,FUN_00401137,"souls.exe function, 30 bytes"
00401155,FUN_00401155,"souls.exe function, 654 bytes"
004013E3,FUN_004013e3,"souls.exe function, 105 bytes"
0040144C,FUN_0040144c,"souls.exe function, 20 bytes"
00401460,FUN_00401460,"souls.exe function, 142 bytes"
004014EE,FUN_004014ee,"souls.exe function, 30 bytes"
0040150C,FUN_0040150c,"souls.exe function, 568 bytes"
00401744,FUN_00401744,"souls.exe function, 139 bytes"
00401813,`scalar_deleting_destructor',"souls.exe function, 85 bytes"
00401868,FUN_00401868,"souls.exe function, 14 bytes"
00401876,FUN_00401876,"souls.exe function, 11 bytes"
0040188B,FUN_0040188b,"souls.exe function, 8 bytes"
004018D0,FUN_004018d0,"souls.exe function, 30 bytes"
0040198D,FUN_0040198d,"souls.exe function, 656 bytes"
00401C1D,FUN_00401c1d,"souls.exe function, 28 bytes"
00401C39,FUN_00401c39,"souls.exe function, 28 bytes"
00401C5A,FUN_00401c5a,"souls.exe function, 93 bytes"
00401CB7,FUN_00401cb7,"souls.exe function, 677 bytes"
00401F5C,FUN_00401f5c,"souls.exe function, 44 bytes"
00401F8D,FUN_00401f8d,"souls.exe function, 46 bytes"
00401FBB,FUN_00401fbb,"souls.exe function, 289 bytes"
004020DC,FUN_004020dc,"souls.exe function, 289 bytes"
004021FD,FUN_004021fd,"souls.exe function, 289 bytes"
0040256C,FUN_0040256c,"souls.exe function, 31 bytes"
0040258B,FUN_0040258b,"souls.exe function, 538 bytes"
004027C7,FUN_004027c7,"souls.exe function, 30 bytes"
004027E5,FUN_004027e5,"souls.exe function, 30 bytes"
00402803,FUN_00402803,"souls.exe function, 127 bytes"
004028C9,FUN_004028c9,"souls.exe function, 94 bytes"
00402927,FUN_00402927,"souls.exe function, 14 bytes"
00402935,FUN_00402935,"souls.exe function, 14 bytes"
00402943,FUN_00402943,"souls.exe function, 11 bytes"
00402958,FUN_00402958,"souls.exe function, 8 bytes"
00402997,FUN_00402997,"souls.exe function, 209 bytes"
00402A73,FUN_00402a73,"souls.exe function, 364 bytes"
00402BDF,FUN_00402bdf,"souls.exe function, 8 bytes"
00402BE7,FUN_00402be7,"souls.exe function, 8 bytes"
00402BF9,FUN_00402bf9,"souls.exe function, 11 bytes"
00402C04,FUN_00402c04,"souls.exe function, 71 bytes"
00402C4B,FUN_00402c4b,"souls.exe function, 14 bytes"
00402C59,FUN_00402c59,"souls.exe function, 14 bytes"
00402C67,FUN_00402c67,"souls.exe function, 11 bytes"
00402C7C,FUN_00402c7c,"souls.exe function, 8 bytes"
00402C84,FUN_00402c84,"souls.exe function, 180 bytes"
00402DAC,FUN_00402dac,"souls.exe function, 112 bytes"
00402E1C,FUN_00402e1c,"souls.exe function, 14 bytes"
00402E2A,FUN_00402e2a,"souls.exe function, 14 bytes"
00402E38,FUN_00402e38,"souls.exe function, 14 bytes"
00402E46,FUN_00402e46,"souls.exe function, 14 bytes"
00402E54,FUN_00402e54,"souls.exe function, 14 bytes"
00402E6C,FUN_00402e6c,"souls.exe function, 8 bytes"
00402EC4,FUN_00402ec4,"souls.exe function, 216 bytes"
00402FBF,FUN_00402fbf,"souls.exe function, 498 bytes"
004031B1,FUN_004031b1,"souls.exe function, 408 bytes"
00403349,FUN_00403349,"souls.exe function, 91 bytes"
00403D93,FUN_00403d93,"souls.exe function, 40 bytes"
00403DBB,FUN_00403dbb,"souls.exe function, 125 bytes"
00403E40,FUN_00403e40,"souls.exe function, 33 bytes"
00403E7E,FUN_00403e7e,"souls.exe function, 278 bytes"
00403F94,FUN_00403f94,"souls.exe function, 39 bytes"
00403FBB,FUN_00403fbb,"souls.exe function, 188 bytes"
004040EF,FUN_004040ef,"souls.exe function, 7 bytes"
00404105,FUN_00404105,"souls.exe function, 82 bytes"
00404161,FUN_00404161,"souls.exe function, 8 bytes"
00404169,FUN_00404169,"souls.exe function, 59 bytes"
004041AE,FUN_004041ae,"souls.exe function, 8 bytes"
004041B6,FUN_004041b6,"souls.exe function, 70 bytes"
00404206,FUN_00404206,"souls.exe function, 8 bytes"
0040420E,FUN_0040420e,"souls.exe function, 195 bytes"
00404342,FUN_00404342,"souls.exe function, 103 bytes"
004043A9,FUN_004043a9,"souls.exe function, 14 bytes"
004043B7,FUN_004043b7,"souls.exe function, 14 bytes"
004043C5,FUN_004043c5,"souls.exe function, 14 bytes"
004043D3,FUN_004043d3,"souls.exe function, 11 bytes"
004043E8,FUN_004043e8,"souls.exe function, 8 bytes"
0040445D,FUN_0040445d,"souls.exe function, 552 bytes"
00404685,FUN_00404685,"souls.exe function, 303 bytes"
004047B4,FUN_004047b4,"souls.exe function, 122 bytes"
0040482E,FUN_0040482e,"souls.exe function, 3 bytes"
00404831,FUN_00404831,"souls.exe function, 38 bytes"
00404857,FUN_00404857,"souls.exe function, 49 bytes"
00404888,FUN_00404888,"souls.exe function, 70 bytes"
004048CE,FUN_004048ce,"souls.exe function, 649 bytes"
00404B87,FUN_00404b87,"souls.exe function, 14 bytes"
00404B95,FUN_00404b95,"souls.exe function, 30 bytes"
00404BB3,FUN_00404bb3,"souls.exe function, 165 bytes"
00404C96,FUN_00404c96,"souls.exe function, 103 bytes"
00404CFD,FUN_00404cfd,"souls.exe function, 11 bytes"
00404D08,FUN_00404d08,"souls.exe function, 11 bytes"
00404D13,FUN_00404d13,"souls.exe function, 11 bytes"
00404D1E,FUN_00404d1e,"souls.exe function, 11 bytes"
00404D33,FUN_00404d33,"souls.exe function, 8 bytes"
00404DD8,FUN_00404dd8,"souls.exe function, 74 bytes"
00404E22,FUN_00404e22,"souls.exe function, 74 bytes"
00404E6C,FUN_00404e6c,"souls.exe function, 74 bytes"
00404EC1,FUN_00404ec1,"souls.exe function, 35 bytes"
00404EFE,FUN_00404efe,"souls.exe function, 72 bytes"
00404F58,FUN_00404f58,"souls.exe function, 30 bytes"
00404F76,FUN_00404f76,"souls.exe function, 69 bytes"
00404FC5,FUN_00404fc5,"souls.exe function, 8 bytes"
00404FFD,FUN_00404ffd,"souls.exe function, 3 bytes"
00405000,HotspotRegister,"Registers an animated text hotspot (menu label); hotspot array is 100 slots, stride 0xBC"
004050F8,HotspotFree,Frees one hotspot slot
00405153,HotspotDraw,"Draws all hotspots; coords are per-mille of the client rect, font px = min(w*0.8,h)*size/1000"
004054A7,FUN_004054a7,"souls.exe function, 65 bytes"
004054E8,HotspotAnimTick,"Advances a hotspot's animation by (idx, tick)"
004055A2,HotspotFreeLayer,Frees all hotspots of one layer
004055E1,HotspotDrawLayer,"For each hotspot of a layer: HotspotAnimTick(i, tick) then HotspotDraw; tick is GetTickCount at paint"
004056DF,FUN_004056df,"souls.exe function, 8 bytes"
004056E7,HotspotAdd,"find-free-slot + register wrapper (layer,flags,tLenMs,text,font,colour,size,x/y from/to,hwnd,msg,lparam)"
00405765,HotspotHitTest,"Hit-tests (x,y) against the hotspots and posts (hwnd,msg,slotIndex,lparam)"
004057D3,HotspotCount,Counts the active hotspots
004057F5,FUN_004057f5,"souls.exe function, 27 bytes"
00405810,FUN_00405810,"souls.exe function, 43 bytes"
0040583B,FUN_0040583b,"souls.exe function, 19 bytes"
0040584E,FUN_0040584e,"souls.exe function, 23 bytes"
00405865,FUN_00405865,"souls.exe function, 19 bytes"
00405878,HotspotSetScale,Stores the per-mille view scale in view+0x44/+0x40 (called from OnSize)
00405889,FUN_00405889,"souls.exe function, 47 bytes"
004058C2,FUN_004058c2,"souls.exe function, 8 bytes"
004058CA,Dlg173Ctor,"CDialog ctor for resource 173/0xAD (5 buttons + 2 statics, field +0x64 = 300)"
00405A40,FUN_00405a40,"souls.exe function, 112 bytes"
00405AB0,FUN_00405ab0,"souls.exe function, 14 bytes"
00405ABE,FUN_00405abe,"souls.exe function, 14 bytes"
00405ACC,FUN_00405acc,"souls.exe function, 14 bytes"
00405ADA,FUN_00405ada,"souls.exe function, 14 bytes"
00405AE8,FUN_00405ae8,"souls.exe function, 11 bytes"
00405AFD,FUN_00405afd,"souls.exe function, 8 bytes"
00405B90,FUN_00405b90,"souls.exe function, 47 bytes"
00405BBF,FUN_00405bbf,"souls.exe function, 8 bytes"
00405C2A,FUN_00405c2a,"souls.exe function, 30 bytes"
00405C48,CreateObject,"souls.exe function, 74 bytes"
00405CBD,FUN_00405cbd,"souls.exe function, 61 bytes"
00405D0C,FUN_00405d0c,"souls.exe function, 30 bytes"
00405D2A,FUN_00405d2a,"souls.exe function, 47 bytes"
00405D63,FUN_00405d63,"souls.exe function, 8 bytes"
00405D88,FUN_00405d88,"souls.exe function, 110 bytes"
00405E29,`scalar_deleting_destructor',"souls.exe function, 85 bytes"
00405E7E,FUN_00405e7e,"souls.exe function, 22 bytes"
00405E94,FUN_00405e94,"souls.exe function, 11 bytes"
00405EA9,FUN_00405ea9,"souls.exe function, 8 bytes"
00405EC2,FUN_00405ec2,"souls.exe function, 52 bytes"
00405F07,FUN_00405f07,"souls.exe function, 202 bytes"
00405FD1,FUN_00405fd1,"souls.exe function, 1625 bytes"
0040662A,FUN_0040662a,"souls.exe function, 8 bytes"
00406632,FUN_00406632,"souls.exe function, 8 bytes"
00406644,FUN_00406644,"souls.exe function, 11 bytes"
0040664F,FUN_0040664f,"souls.exe function, 23 bytes"
00406666,FUN_00406666,"souls.exe function, 19 bytes"
00406687,FUN_00406687,"souls.exe function, 34 bytes"
004066A9,RecordSkinName,Reads a record's skin bitmap name (record+0x25); monsters.txt records have stride 0x248
004067B4,FUN_004067b4,"souls.exe function, 266 bytes"
004068BE,FUN_004068be,"souls.exe function, 76 bytes"
0040690A,FUN_0040690a,"souls.exe function, 47 bytes"
00406943,FUN_00406943,"souls.exe function, 8 bytes"
0040694B,FUN_0040694b,"souls.exe function, 70 bytes"
0040699B,FUN_0040699b,"souls.exe function, 8 bytes"
004069A3,FUN_004069a3,"souls.exe function, 124 bytes"
00406A63,`scalar_deleting_destructor',"souls.exe function, 85 bytes"
00406AB8,FUN_00406ab8,"souls.exe function, 14 bytes"
00406AC6,FUN_00406ac6,"souls.exe function, 11 bytes"
00406ADB,FUN_00406adb,"souls.exe function, 8 bytes"
00406B30,FUN_00406b30,"souls.exe function, 17 bytes"
00406B42,FUN_00406b42,"souls.exe function, 17 bytes"
00407159,FUN_00407159,"souls.exe function, 186 bytes"
00407213,LoadHeroRelationLists,Reads the soul's enemies/allies lists from its INI and codes the other hero records' house id at +0xA68
00407337,FUN_00407337,"souls.exe function, 630 bytes"
004075AD,FUN_004075ad,"souls.exe function, 8 bytes"
004075B5,FUN_004075b5,"souls.exe function, 8 bytes"
004075BD,FUN_004075bd,"souls.exe function, 8 bytes"
004075C5,FUN_004075c5,"souls.exe function, 8 bytes"
004075CD,FUN_004075cd,"souls.exe function, 8 bytes"
004075D5,FUN_004075d5,"souls.exe function, 8 bytes"
004075DD,FUN_004075dd,"souls.exe function, 8 bytes"
004075EF,FUN_004075ef,"souls.exe function, 8 bytes"
00407608,FUN_00407608,"souls.exe function, 517 bytes"
0040780D,FUN_0040780d,"souls.exe function, 8 bytes"
00407815,FUN_00407815,"souls.exe function, 8 bytes"
0040781D,FUN_0040781d,"souls.exe function, 8 bytes"
0040782F,FUN_0040782f,"souls.exe function, 8 bytes"
00407837,FUN_00407837,"souls.exe function, 88 bytes"
0040788F,FUN_0040788f,"souls.exe function, 53 bytes"
004078C4,ResetRelationBuffers,Zeroes the three ally/enemy list globals DAT_004dcaac/b0/b4
004078D6,FUN_004078d6,"souls.exe function, 664 bytes"
00407B6E,FUN_00407b6e,"souls.exe function, 97 bytes"
00407BF7,FUN_00407bf7,"souls.exe function, 77 bytes"
00407C44,FUN_00407c44,"souls.exe function, 11 bytes"
00407C59,FUN_00407c59,"souls.exe function, 8 bytes"
00407C82,FUN_00407c82,"souls.exe function, 40 bytes"
00407CFA,FUN_00407cfa,"souls.exe function, 33 bytes"
00407D1B,FUN_00407d1b,"souls.exe function, 303 bytes"
00407E4A,FUN_00407e4a,"souls.exe function, 68 bytes"
00407EDA,FUN_00407eda,"souls.exe function, 68 bytes"
00407F1E,FUN_00407f1e,"souls.exe function, 97 bytes"
00407F7F,FUN_00407f7f,"souls.exe function, 336 bytes"
004080CF,FUN_004080cf,"souls.exe function, 366 bytes"
0040823D,FUN_0040823d,"souls.exe function, 269 bytes"
0040834A,FUN_0040834a,"souls.exe function, 456 bytes"
00408512,FUN_00408512,"souls.exe function, 44 bytes"
0040853E,FUN_0040853e,"souls.exe function, 363 bytes"
004086A9,FUN_004086a9,"souls.exe function, 658 bytes"
0040893B,FUN_0040893b,"souls.exe function, 30 bytes"
00408965,FUN_00408965,"souls.exe function, 62 bytes"
004089B5,FUN_004089b5,"souls.exe function, 64 bytes"
004089FF,FUN_004089ff,"souls.exe function, 8 bytes"
00408A11,FUN_00408a11,"souls.exe function, 10 bytes"
00408A1B,FUN_00408a1b,"souls.exe function, 14 bytes"
00408A56,FUN_00408a56,"souls.exe function, 10 bytes"
00408A6E,RegisterGameFont,"AddFontResourceA for tempsitc.ttf (Tempus Sans ITC), the UI font used at 110pt"
00408ACF,FUN_00408acf,"souls.exe function, 1253 bytes"
00408FB4,FUN_00408fb4,"souls.exe function, 8 bytes"
00408FBC,FUN_00408fbc,"souls.exe function, 8 bytes"
00408FC4,FUN_00408fc4,"souls.exe function, 8 bytes"
00408FDF,FUN_00408fdf,"souls.exe function, 8 bytes"
00408FE7,Dlg100ProgressCtor,CDialog ctor for resource 100/0x64 (registration/loading progress box; CEdit +0xE4)
0040910F,FUN_0040910f,"souls.exe function, 103 bytes"
00409176,FUN_00409176,"souls.exe function, 14 bytes"
00409184,FUN_00409184,"souls.exe function, 14 bytes"
00409192,FUN_00409192,"souls.exe function, 14 bytes"
004091A0,FUN_004091a0,"souls.exe function, 11 bytes"
004091B5,FUN_004091b5,"souls.exe function, 8 bytes"
0040921B,ShowProgressDialog,Shows the 100/0x64 loading/registration progress box
00409261,FUN_00409261,"souls.exe function, 11 bytes"
00409276,FUN_00409276,"souls.exe function, 80 bytes"
004092C6,FUN_004092c6,"souls.exe function, 14 bytes"
004092D4,FUN_004092d4,"souls.exe function, 14 bytes"
004092E2,FUN_004092e2,"souls.exe function, 14 bytes"
004092F0,FUN_004092f0,"souls.exe function, 11 bytes"
00409305,FUN_00409305,"souls.exe function, 8 bytes"
0040930D,ShowProgressDialogModal,Modal show of dialog 100 used at boot when registration is still pending
00409353,FUN_00409353,"souls.exe function, 11 bytes"
00409368,CWinAppExitInstance,CWinApp::ExitInstance override: FUN_004670b4(); WinHelpA(wellofsouls.hlp); ExitInstance
0040938A,Dlg100OnInit,OnInitDialog of the 100/0x64 progress dialog
0040940C,FUN_0040940c,"souls.exe function, 88 bytes"
00409464,FUN_00409464,"souls.exe function, 32 bytes"
004094A3,FUN_004094a3,"souls.exe function, 68 bytes"
004094E7,FUN_004094e7,"souls.exe function, 24 bytes"
004094FF,FUN_004094ff,"souls.exe function, 6 bytes"
00409505,FUN_00409505,"souls.exe function, 6 bytes"
0040950B,FUN_0040950b,"souls.exe function, 87 bytes"
00409562,FUN_00409562,"souls.exe function, 194 bytes"
00409624,IsGoldenSoul,Non-zero when this install is a Golden Soul (swaps the Play now hotspot label)
00409722,FUN_00409722,"souls.exe function, 179 bytes"
004097D5,RegistrationNeeded,Returns 0 while registration is still required; gates the boot progress dialog
00409816,TimingCfgIntegrity,Computes the 8-bit-rotate integrity value DAT_005385dc for timing.cfg
00409846,FUN_00409846,"souls.exe function, 68 bytes"
0040988A,FUN_0040988a,"souls.exe function, 47 bytes"
004098B9,TimingCfgSave,Writes timing.cfg (0x94 bytes at DAT_005385d8) to the world/user locations
00409AC4,TimingCfgLoad,Reads the 0x94-byte timing.cfg payload into DAT_005385d8
00409CAC,FUN_00409cac,"souls.exe function, 43 bytes"
00409CD7,FUN_00409cd7,"souls.exe function, 527 bytes"
00409EE6,FUN_00409ee6,"souls.exe function, 111 bytes"
00409F55,FUN_00409f55,"souls.exe function, 350 bytes"
0040A13A,FUN_0040a13a,"souls.exe function, 98 bytes"
0040A19C,FUN_0040a19c,"souls.exe function, 195 bytes"
0040A25F,FUN_0040a25f,"souls.exe function, 3 bytes"
0040A262,FUN_0040a262,"souls.exe function, 116 bytes"
0040A2D6,FUN_0040a2d6,"souls.exe function, 236 bytes"
0040A3C2,ShowRegistrationDialog,Registration dialog; posts 0x46F with wParam 1/2/3/4 = ok/retry/needs serial/gold
0040A4E1,FUN_0040a4e1,"souls.exe function, 8 bytes"
0040A4E9,FUN_0040a4e9,"souls.exe function, 62 bytes"
0040A527,FUN_0040a527,"souls.exe function, 11 bytes"
0040A532,FUN_0040a532,"souls.exe function, 11 bytes"
0040A547,FUN_0040a547,"souls.exe function, 8 bytes"
0040A568,FUN_0040a568,"souls.exe function, 607 bytes"
0040A7C7,IdleGate20ms,"The 20 ms idle work: FUN_0042895C, heap probe, sound poke, lag meter, time() drift check"
0040A8D9,AppRun,CWinApp::Run override: idle path (OnIdle + gate) spins while the main frame is foreground
0040AA49,FUN_0040aa49,"souls.exe function, 21 bytes"
0040AA5E,FUN_0040aa5e,"souls.exe function, 80 bytes"
0040AAAE,FUN_0040aaae,"souls.exe function, 11 bytes"
0040AB35,FUN_0040ab35,"souls.exe function, 20 bytes"
0040AB49,FUN_0040ab49,"souls.exe function, 178 bytes"
0040AC7D,FUN_0040ac7d,"souls.exe function, 103 bytes"
0040ACE4,FUN_0040ace4,"souls.exe function, 14 bytes"
0040ACF2,FUN_0040acf2,"souls.exe function, 14 bytes"
0040AD00,FUN_0040ad00,"souls.exe function, 14 bytes"
0040AD0E,FUN_0040ad0e,"souls.exe function, 14 bytes"
0040AD26,FUN_0040ad26,"souls.exe function, 8 bytes"
0040AD99,FUN_0040ad99,"souls.exe function, 10 bytes"
0040ADA3,FUN_0040ada3,"souls.exe function, 14 bytes"
0040ADBB,FUN_0040adbb,"souls.exe function, 123 bytes"
0040AE36,FUN_0040ae36,"souls.exe function, 54 bytes"
0040AE6C,FUN_0040ae6c,"souls.exe function, 85 bytes"
0040AEC1,DrawSuitsPreview,"Draws the suits.bmp soul-customisation preview (13 cells per row, cell = height)"
0040B188,FUN_0040b188,"souls.exe function, 8 bytes"
0040B190,FUN_0040b190,"souls.exe function, 8 bytes"
0040B1A2,FUN_0040b1a2,"souls.exe function, 8 bytes"
0040B1AC,FUN_0040b1ac,"souls.exe function, 59 bytes"
0040B1E7,FUN_0040b1e7,"souls.exe function, 56 bytes"
0040B21F,FUN_0040b21f,"souls.exe function, 1225 bytes"
0040B6E8,FUN_0040b6e8,"souls.exe function, 8 bytes"
0040B6F0,FUN_0040b6f0,"souls.exe function, 11 bytes"
0040B705,FUN_0040b705,"souls.exe function, 11 bytes"
0040B783,FUN_0040b783,"souls.exe function, 347 bytes"
0040B8DE,FUN_0040b8de,"souls.exe function, 232 bytes"
0040B9C6,FUN_0040b9c6,"souls.exe function, 32 bytes"
0040B9E6,FUN_0040b9e6,"souls.exe function, 745 bytes"
0040BCCF,FUN_0040bccf,"souls.exe function, 40 bytes"
0040BCF7,FUN_0040bcf7,"souls.exe function, 19 bytes"
0040BD0A,FUN_0040bd0a,"souls.exe function, 47 bytes"
0040BD43,FUN_0040bd43,"souls.exe function, 8 bytes"
0040BD4B,FUN_0040bd4b,"souls.exe function, 70 bytes"
0040BD9B,FUN_0040bd9b,"souls.exe function, 8 bytes"
0040BDA3,CreateObject,"souls.exe function, 77 bytes"
0040BE0F,FUN_0040be0f,"souls.exe function, 67 bytes"
0040BE64,FUN_0040be64,"souls.exe function, 30 bytes"
0040BE82,FUN_0040be82,"souls.exe function, 47 bytes"
0040BEBB,FUN_0040bebb,"souls.exe function, 8 bytes"
0040BED2,FUN_0040bed2,"souls.exe function, 45 bytes"
0040BEFF,CreateObject,"souls.exe function, 77 bytes"
0040BF6B,FUN_0040bf6b,"souls.exe function, 262 bytes"
0040C117,FUN_0040c117,"souls.exe function, 30 bytes"
0040C135,FUN_0040c135,"souls.exe function, 127 bytes"
0040C1B4,FUN_0040c1b4,"souls.exe function, 14 bytes"
0040C1C2,FUN_0040c1c2,"souls.exe function, 14 bytes"
0040C1D0,FUN_0040c1d0,"souls.exe function, 14 bytes"
0040C1DE,FUN_0040c1de,"souls.exe function, 14 bytes"
0040C1EC,FUN_0040c1ec,"souls.exe function, 14 bytes"
0040C1FA,FUN_0040c1fa,"souls.exe function, 14 bytes"
0040C208,FUN_0040c208,"souls.exe function, 11 bytes"
0040C21D,FUN_0040c21d,"souls.exe function, 8 bytes"
0040C231,FUN_0040c231,"souls.exe function, 27 bytes"
0040C24C,FUN_0040c24c,"souls.exe function, 274 bytes"
0040C35E,FUN_0040c35e,"souls.exe function, 19 bytes"
0040C371,EquipScreenUpdate,"Equip screen: bkEquip art plus equipIcons.bmp ImageList (142x16, mask 0x808000)"
0040C5B8,FUN_0040c5b8,"souls.exe function, 201 bytes"
0040C694,FUN_0040c694,"souls.exe function, 193 bytes"
0040D5B3,FUN_0040d5b3,"souls.exe function, 44 bytes"
0040D5F4,FUN_0040d5f4,"souls.exe function, 192 bytes"
0040D6B4,FUN_0040d6b4,"souls.exe function, 225 bytes"
0040D795,FUN_0040d795,"souls.exe function, 92 bytes"
0040D872,FUN_0040d872,"souls.exe function, 801 bytes"
0040DB93,FUN_0040db93,"souls.exe function, 39 bytes"
0040DBBA,FUN_0040dbba,"souls.exe function, 1171 bytes"
0040E04D,FUN_0040e04d,"souls.exe function, 139 bytes"
0040E0D8,FUN_0040e0d8,"souls.exe function, 92 bytes"
0040E134,FUN_0040e134,"souls.exe function, 223 bytes"
0040E213,FUN_0040e213,"souls.exe function, 34 bytes"
0040E3A6,FUN_0040e3a6,"souls.exe function, 290 bytes"
0040E4C8,FUN_0040e4c8,"souls.exe function, 380 bytes"
0040E644,FUN_0040e644,"souls.exe function, 274 bytes"
0040E756,FUN_0040e756,"souls.exe function, 3 bytes"
0040E759,FUN_0040e759,"souls.exe function, 82 bytes"
0040E7B5,FUN_0040e7b5,"souls.exe function, 8 bytes"
0040E7BD,FUN_0040e7bd,"souls.exe function, 59 bytes"
0040E802,FUN_0040e802,"souls.exe function, 8 bytes"
0040E80A,FUN_0040e80a,"souls.exe function, 135 bytes"
0040E8CD,`scalar_deleting_destructor',"souls.exe function, 85 bytes"
0040E922,FUN_0040e922,"souls.exe function, 14 bytes"
0040E930,FUN_0040e930,"souls.exe function, 14 bytes"
0040E948,FUN_0040e948,"souls.exe function, 8 bytes"
0040E999,FUN_0040e999,"souls.exe function, 96 bytes"
0040E9F9,FUN_0040e9f9,"souls.exe function, 404 bytes"
0040EB8D,FUN_0040eb8d,"souls.exe function, 480 bytes"
0040ED77,FUN_0040ed77,"souls.exe function, 11 bytes"
0040ED82,FUN_0040ed82,"souls.exe function, 215 bytes"
0040EE59,FUN_0040ee59,"souls.exe function, 332 bytes"
0040EFA5,FUN_0040efa5,"souls.exe function, 215 bytes"
0040F07C,FUN_0040f07c,"souls.exe function, 251 bytes"
0040F247,FUN_0040f247,"souls.exe function, 130 bytes"
0040F2C9,FUN_0040f2c9,"souls.exe function, 14 bytes"
0040F2D7,FUN_0040f2d7,"souls.exe function, 14 bytes"
0040F2E5,FUN_0040f2e5,"souls.exe function, 14 bytes"
0040F2F3,FUN_0040f2f3,"souls.exe function, 14 bytes"
0040F301,FUN_0040f301,"souls.exe function, 14 bytes"
0040F30F,FUN_0040f30f,"souls.exe function, 14 bytes"
0040F31D,FUN_0040f31d,"souls.exe function, 11 bytes"
0040F332,FUN_0040f332,"souls.exe function, 8 bytes"
0040F40F,FUN_0040f40f,"souls.exe function, 273 bytes"
0040F5D5,EnumWorldDirs,FindFirstFile enumerator of worlds\* subdirectories (skips . and ..)
0040F688,ListFileNames,Enumerates <dir>\<mask> with FindFirstFile/FindNextFile into an array of name strings
0040F720,FUN_0040f720,"souls.exe function, 31 bytes"
0040F73F,FUN_0040f73f,"souls.exe function, 71 bytes"
0040F786,FUN_0040f786,"souls.exe function, 11 bytes"
0040F79B,FUN_0040f79b,"souls.exe function, 89 bytes"
0040F7F4,FUN_0040f7f4,"souls.exe function, 14 bytes"
0040F802,FUN_0040f802,"souls.exe function, 14 bytes"
0040F810,FUN_0040f810,"souls.exe function, 14 bytes"
0040F81E,FUN_0040f81e,"souls.exe function, 14 bytes"
0040F82C,FUN_0040f82c,"souls.exe function, 11 bytes"
0040F841,FUN_0040f841,"souls.exe function, 8 bytes"
0040F849,MapEditorInit_0,One of the map editor init routines; docs group 45D65F/45D5BE/40F849/40F8FD/45DBA0
0040F8FD,MapEditorInit_1,One of the map editor init routines; docs group 45D65F/45D5BE/40F849/40F8FD/45DBA0
0040F9FA,FUN_0040f9fa,"souls.exe function, 139 bytes"
0040FADB,FUN_0040fadb,"souls.exe function, 30 bytes"
0040FB03,FUN_0040fb03,"souls.exe function, 10 bytes"
0040FB0D,FUN_0040fb0d,"souls.exe function, 14 bytes"
0040FB2F,FUN_0040fb2f,"souls.exe function, 10 bytes"
0040FB39,FUN_0040fb39,"souls.exe function, 14 bytes"
0040FB51,FUN_0040fb51,"souls.exe function, 12 bytes"
0040FB77,FUN_0040fb77,"souls.exe function, 25 bytes"
0040FB90,FUN_0040fb90,"souls.exe function, 14 bytes"
0040FBB2,FUN_0040fbb2,"souls.exe function, 26 bytes"
0040FBCC,FUN_0040fbcc,"souls.exe function, 49 bytes"
0040FBFD,BioFileLoad,"Loads the 0xC5A4-byte bio blob (DAT_004e4878) for a hero, swapping .her for the bio extension"
0040FE3B,BioFileSave,Writes the 0xC5A4 bio blob with world and soul name plus the blob checksum
0040FF4A,FUN_0040ff4a,"souls.exe function, 26 bytes"
0040FFAB,FUN_0040ffab,"souls.exe function, 542 bytes"
004101C9,FUN_004101c9,"souls.exe function, 8 bytes"
004101D1,FUN_004101d1,"souls.exe function, 8 bytes"
004101E3,FUN_004101e3,"souls.exe function, 8 bytes"
004101EB,FUN_004101eb,"souls.exe function, 1 bytes"
004101EC,FUN_004101ec,"souls.exe function, 137 bytes"
00410275,FUN_00410275,"souls.exe function, 405 bytes"
0041040A,FUN_0041040a,"souls.exe function, 8 bytes"
00410412,FUN_00410412,"souls.exe function, 8 bytes"
0041041A,FUN_0041041a,"souls.exe function, 8 bytes"
0041042C,FUN_0041042c,"souls.exe function, 8 bytes"
00410434,FUN_00410434,"souls.exe function, 148 bytes"
004104C8,FUN_004104c8,"souls.exe function, 339 bytes"
0041061B,FUN_0041061b,"souls.exe function, 8 bytes"
00410623,FUN_00410623,"souls.exe function, 8 bytes"
00410635,FUN_00410635,"souls.exe function, 8 bytes"
0041063D,FUN_0041063d,"souls.exe function, 497 bytes"
00410837,FUN_00410837,"souls.exe function, 8 bytes"
0041083F,FUN_0041083f,"souls.exe function, 8 bytes"
00410851,FUN_00410851,"souls.exe function, 8 bytes"
0041085F,FUN_0041085f,"souls.exe function, 158 bytes"
004108FD,FUN_004108fd,"souls.exe function, 499 bytes"
00410AF0,FUN_00410af0,"souls.exe function, 8 bytes"
00410B12,FUN_00410b12,"souls.exe function, 8 bytes"
00410B1A,FUN_00410b1a,"souls.exe function, 40 bytes"
00410B42,FUN_00410b42,"souls.exe function, 40 bytes"
00410B6A,FUN_00410b6a,"souls.exe function, 40 bytes"
00410B92,FUN_00410b92,"souls.exe function, 40 bytes"
00410BBA,FUN_00410bba,"souls.exe function, 40 bytes"
00410BE2,FUN_00410be2,"souls.exe function, 182 bytes"
00410C98,FUN_00410c98,"souls.exe function, 46 bytes"
00410CC6,FUN_00410cc6,"souls.exe function, 212 bytes"
00410D9A,FUN_00410d9a,"souls.exe function, 1448 bytes"
00411348,FUN_00411348,"souls.exe function, 86 bytes"
004113BE,FUN_004113be,"souls.exe function, 77 bytes"
0041140B,FUN_0041140b,"souls.exe function, 14 bytes"
00411423,FUN_00411423,"souls.exe function, 8 bytes"
0041143D,FUN_0041143d,"souls.exe function, 49 bytes"
0041149D,FUN_0041149d,"souls.exe function, 31 bytes"
004114BC,FUN_004114bc,"souls.exe function, 34 bytes"
004114DE,FUN_004114de,"souls.exe function, 115 bytes"
00411551,FUN_00411551,"souls.exe function, 361 bytes"
004116BA,FUN_004116ba,"souls.exe function, 25 bytes"
004116D3,FUN_004116d3,"souls.exe function, 3302 bytes"
004123C2,FUN_004123c2,"souls.exe function, 11 bytes"
004123CD,FUN_004123cd,"souls.exe function, 11 bytes"
004123E2,FUN_004123e2,"souls.exe function, 11 bytes"
004123ED,FUN_004123ed,"souls.exe function, 290 bytes"
004126C8,FUN_004126c8,"souls.exe function, 23 bytes"
004126DF,FUN_004126df,"souls.exe function, 19 bytes"
004126F2,FUN_004126f2,"souls.exe function, 36 bytes"
00412716,PetPenInit,"Loads petButtons.bmp/petPen.jpg and sets DAT_004DEA1C=1 (CSoulsView::OnCreate and ToggleGameDialog #5 open)"
00412797,PetPenClose,"KillTimer and DAT_004DEA1C=0 (ToggleGameDialog #5 close)"
004127BE,FUN_004127be,"souls.exe function, 130 bytes"
00412840,FUN_00412840,"souls.exe function, 1158 bytes"
00412CC6,FUN_00412cc6,"souls.exe function, 105 bytes"
00412D2F,FUN_00412d2f,"souls.exe function, 256 bytes"
00412E2F,FUN_00412e2f,"souls.exe function, 850 bytes"
00413181,FUN_00413181,"souls.exe function, 614 bytes"
004133E7,FUN_004133e7,"souls.exe function, 481 bytes"
004135D2,FUN_004135d2,"souls.exe function, 8 bytes"
004135DA,FUN_004135da,"souls.exe function, 917 bytes"
0041396F,FUN_0041396f,"souls.exe function, 8 bytes"
00413977,FUN_00413977,"souls.exe function, 8 bytes"
00413989,FUN_00413989,"souls.exe function, 8 bytes"
00413991,FUN_00413991,"souls.exe function, 341 bytes"
00413AE6,FUN_00413ae6,"souls.exe function, 527 bytes"
00413CFF,FUN_00413cff,"souls.exe function, 8 bytes"
00413D27,FUN_00413d27,"souls.exe function, 62 bytes"
00413D65,FUN_00413d65,"souls.exe function, 11 bytes"
00413D70,FUN_00413d70,"souls.exe function, 11 bytes"
00413D85,FUN_00413d85,"souls.exe function, 8 bytes"
00413D8D,FUN_00413d8d,"souls.exe function, 90 bytes"
00413DE7,FUN_00413de7,"souls.exe function, 307 bytes"
00413F1A,FUN_00413f1a,"souls.exe function, 301 bytes"
00414051,FUN_00414051,"souls.exe function, 8 bytes"
00414059,FUN_00414059,"souls.exe function, 639 bytes"
004142D8,FatigueCurve,Fatigue/energy curve from seconds played; result stored in hero+0xEFC and +0xF00
004142F2,FUN_004142f2,"souls.exe function, 1581 bytes"
0041491F,FUN_0041491f,"souls.exe function, 67 bytes"
00414962,FUN_00414962,"souls.exe function, 367 bytes"
00414AD1,BattleXpAccount,Battle log / XP accounting helper called with the total XP
00414CC9,FUN_00414cc9,"souls.exe function, 150 bytes"
00414F90,FUN_00414f90,"souls.exe function, 44 bytes"
00414FBC,FUN_00414fbc,"souls.exe function, 189 bytes"
004150FA,FUN_004150fa,"souls.exe function, 121 bytes"
00415173,FUN_00415173,"souls.exe function, 14 bytes"
00415181,FUN_00415181,"souls.exe function, 14 bytes"
0041518F,FUN_0041518f,"souls.exe function, 11 bytes"
0041519A,FUN_0041519a,"souls.exe function, 11 bytes"
004151A5,FUN_004151a5,"souls.exe function, 11 bytes"
004151B0,FUN_004151b0,"souls.exe function, 11 bytes"
004151C5,FUN_004151c5,"souls.exe function, 8 bytes"
00415226,FUN_00415226,"souls.exe function, 75 bytes"
004152C9,FUN_004152c9,"souls.exe function, 89 bytes"
00415336,FUN_00415336,"souls.exe function, 216 bytes"
0041540E,FUN_0041540e,"souls.exe function, 8 bytes"
00415416,FUN_00415416,"souls.exe function, 8 bytes"
0041541E,FUN_0041541e,"souls.exe function, 8 bytes"
00415430,FUN_00415430,"souls.exe function, 11 bytes"
0041543B,~CDaoFieldInfo,"souls.exe function, 98 bytes"
0041549D,FUN_0041549d,"souls.exe function, 14 bytes"
004154AB,FUN_004154ab,"souls.exe function, 14 bytes"
004154B9,FUN_004154b9,"souls.exe function, 11 bytes"
004154C4,FUN_004154c4,"souls.exe function, 11 bytes"
004154CF,FUN_004154cf,"souls.exe function, 11 bytes"
004154DA,FUN_004154da,"souls.exe function, 11 bytes"
004154EF,FUN_004154ef,"souls.exe function, 8 bytes"
004154F7,FUN_004154f7,"souls.exe function, 30 bytes"
00415515,FUN_00415515,"souls.exe function, 134 bytes"
004155EA,FUN_004155ea,"souls.exe function, 94 bytes"
00415648,FUN_00415648,"souls.exe function, 14 bytes"
00415656,FUN_00415656,"souls.exe function, 11 bytes"
00415661,FUN_00415661,"souls.exe function, 11 bytes"
00415676,FUN_00415676,"souls.exe function, 8 bytes"
004156B8,FUN_004156b8,"souls.exe function, 150 bytes"
0041574E,FUN_0041574e,"souls.exe function, 56 bytes"
00415786,FUN_00415786,"souls.exe function, 69 bytes"
00415D23,FUN_00415d23,"souls.exe function, 274 bytes"
00415E35,FUN_00415e35,"souls.exe function, 35 bytes"
00415E58,CreateObject,"souls.exe function, 77 bytes"
00415EC4,FUN_00415ec4,"souls.exe function, 192 bytes"
00416019,FUN_00416019,"souls.exe function, 30 bytes"
00416037,FUN_00416037,"souls.exe function, 95 bytes"
00416096,FUN_00416096,"souls.exe function, 14 bytes"
004160A4,FUN_004160a4,"souls.exe function, 14 bytes"
004160B2,FUN_004160b2,"souls.exe function, 14 bytes"
004160C0,FUN_004160c0,"souls.exe function, 14 bytes"
004160CE,FUN_004160ce,"souls.exe function, 11 bytes"
004160E3,FUN_004160e3,"souls.exe function, 8 bytes"
004160F7,FUN_004160f7,"souls.exe function, 242 bytes"
004162D1,FUN_004162d1,"souls.exe function, 74 bytes"
0041631B,FUN_0041631b,"souls.exe function, 267 bytes"
00416426,DrawCombatantBody,Draws a combatant's body sprite (filmstrip cell = bitmap height) and its name plate
00416819,FUN_00416819,"souls.exe function, 8 bytes"
00416821,FUN_00416821,"souls.exe function, 8 bytes"
00416833,FUN_00416833,"souls.exe function, 8 bytes"
0041683B,FUN_0041683b,"souls.exe function, 91 bytes"
00416896,LoadHeroSkin,"Loads the hero's skin from <root>\skins\<name>.bmp, validates and normalises it"
00416A3F,HeroRecordReset,"Resets a hero record (detaches the pet, clears pointers) keeping serial and name"
00416A64,AutoSaveHero,Saves the current hero to its .her file when a world and soul are loaded
00416ABB,HeroChecksum,"Rotate-xor checksum over hero bytes [0,0x16C8); algorithm variant selected by hero+0x768"
00416B1F,BlobChecksum,Rotate-xor checksum over a blob; stored in the last 4 bytes of the blob
00416B55,IsEvergreenWorld,"_stricmp(Evergreen, world) test; a few behaviours are hard-coded for this world"
00416B70,FUN_00416b70,"souls.exe function, 240 bytes"
00416C60,FUN_00416c60,"souls.exe function, 61 bytes"
00416C9D,FUN_00416c9d,"souls.exe function, 54 bytes"
00416CD3,FUN_00416cd3,"souls.exe function, 223 bytes"
00416DE6,FUN_00416de6,"souls.exe function, 3131 bytes"
00417A21,CanSaveHero,Guard for the .her save: returns 0 when saving is allowed
00417ADD,RegenerateClassBody,Rebuilds the class body when the skin name equals the world name (a default soul)
00417C36,FUN_00417c36,"souls.exe function, 480 bytes"
00417E16,FUN_00417e16,"souls.exe function, 123 bytes"
00417E91,AddSecondsPlayed,Advances hero+0x1CD seconds played and derives the level-based value at +0xF00
00417EFF,FUN_00417eff,"souls.exe function, 1 bytes"
00417F00,SetFatigueField,Sets hero+0xEFC = FUN_004142d8(seconds) (fatigue/energy)
00417F1B,SaveHeroFile,"Writes the 0x16CC-byte .her record: mirrors the 33-int block, bumps the save counter, checksums"
00418178,HeroDecryptNoop,No-op obfuscation on load (b = ~b; b = b): there is no real XOR encryption
004181A2,LoadHeroFile,Loads and validates the 0x16CC .her record (checksum match and RAM-only fields must be 0)
004183D5,FUN_004183d5,"souls.exe function, 47 bytes"
00418404,FUN_00418404,"souls.exe function, 8 bytes"
00418416,FUN_00418416,"souls.exe function, 32 bytes"
00418436,FUN_00418436,"souls.exe function, 114 bytes"
004184B8,FUN_004184b8,"souls.exe function, 260 bytes"
004185C6,FUN_004185c6,"souls.exe function, 8 bytes"
004185CE,FUN_004185ce,"souls.exe function, 97 bytes"
0041862F,FUN_0041862f,"souls.exe function, 154 bytes"
004186C9,FUN_004186c9,"souls.exe function, 13 bytes"
004186D6,FUN_004186d6,"souls.exe function, 185 bytes"
004187F1,FUN_004187f1,"souls.exe function, 94 bytes"
0041884F,FUN_0041884f,"souls.exe function, 14 bytes"
0041885D,FUN_0041885d,"souls.exe function, 11 bytes"
00418868,FUN_00418868,"souls.exe function, 11 bytes"
0041887D,FUN_0041887d,"souls.exe function, 8 bytes"
00418953,FUN_00418953,"souls.exe function, 68 bytes"
00418F1F,FUN_00418f1f,"souls.exe function, 236 bytes"
0041900C,FUN_0041900c,"souls.exe function, 104 bytes"
00419306,ApplyHealHP,"Cashes the attack gauge in as an HP heal (HP path, +0x14)"
004194BB,FUN_004194bb,"souls.exe function, 23 bytes"
004194D2,FUN_004194d2,"souls.exe function, 58 bytes"
0041950C,CreateObject,"souls.exe function, 77 bytes"
0041958E,FUN_0041958e,"souls.exe function, 10 bytes"
00419598,FUN_00419598,"souls.exe function, 14 bytes"
004195B0,FUN_004195b0,"souls.exe function, 824 bytes"
00419B43,FUN_00419b43,"souls.exe function, 30 bytes"
00419B61,FUN_00419b61,"souls.exe function, 89 bytes"
00419BBA,FUN_00419bba,"souls.exe function, 14 bytes"
00419BC8,FUN_00419bc8,"souls.exe function, 14 bytes"
00419BD6,FUN_00419bd6,"souls.exe function, 14 bytes"
00419BE4,FUN_00419be4,"souls.exe function, 14 bytes"
00419BF2,FUN_00419bf2,"souls.exe function, 14 bytes"
00419C0A,FUN_00419c0a,"souls.exe function, 8 bytes"
00419C12,FUN_00419c12,"souls.exe function, 125 bytes"
00419C8F,FUN_00419c8f,"souls.exe function, 14 bytes"
00419C9D,FUN_00419c9d,"souls.exe function, 14 bytes"
00419CAB,FUN_00419cab,"souls.exe function, 14 bytes"
00419CB9,FUN_00419cb9,"souls.exe function, 14 bytes"
00419CC7,FUN_00419cc7,"souls.exe function, 14 bytes"
00419CD5,FUN_00419cd5,"souls.exe function, 14 bytes"
00419CE3,FUN_00419ce3,"souls.exe function, 14 bytes"
00419CF1,FUN_00419cf1,"souls.exe function, 14 bytes"
00419CFF,FUN_00419cff,"souls.exe function, 11 bytes"
00419D14,FUN_00419d14,"souls.exe function, 8 bytes"
00419D1C,FUN_00419d1c,"souls.exe function, 54 bytes"
00419D52,FUN_00419d52,"souls.exe function, 14 bytes"
00419D6A,FUN_00419d6a,"souls.exe function, 8 bytes"
00419D72,FUN_00419d72,"souls.exe function, 54 bytes"
00419DA8,FUN_00419da8,"souls.exe function, 14 bytes"
00419DC0,FUN_00419dc0,"souls.exe function, 8 bytes"
00419DC8,FUN_00419dc8,"souls.exe function, 71 bytes"
00419E0F,FUN_00419e0f,"souls.exe function, 14 bytes"
00419E1D,FUN_00419e1d,"souls.exe function, 14 bytes"
00419E2B,FUN_00419e2b,"souls.exe function, 14 bytes"
00419E43,FUN_00419e43,"souls.exe function, 8 bytes"
00419E4B,FUN_00419e4b,"souls.exe function, 62 bytes"
00419E89,FUN_00419e89,"souls.exe function, 22 bytes"
00419E9F,FUN_00419e9f,"souls.exe function, 11 bytes"
00419EB4,FUN_00419eb4,"souls.exe function, 8 bytes"
00419EBC,FUN_00419ebc,"souls.exe function, 62 bytes"
00419EFA,FUN_00419efa,"souls.exe function, 14 bytes"
00419F08,FUN_00419f08,"souls.exe function, 11 bytes"
00419F1D,FUN_00419f1d,"souls.exe function, 8 bytes"
00419F25,FUN_00419f25,"souls.exe function, 80 bytes"
00419F75,FUN_00419f75,"souls.exe function, 14 bytes"
00419F83,FUN_00419f83,"souls.exe function, 14 bytes"
00419F91,FUN_00419f91,"souls.exe function, 14 bytes"
00419F9F,FUN_00419f9f,"souls.exe function, 14 bytes"
00419FB7,FUN_00419fb7,"souls.exe function, 8 bytes"
00419FBF,FUN_00419fbf,"souls.exe function, 54 bytes"
00419FF5,FUN_00419ff5,"souls.exe function, 11 bytes"
0041A00A,FUN_0041a00a,"souls.exe function, 8 bytes"
0041A012,FUN_0041a012,"souls.exe function, 107 bytes"
0041A07D,FUN_0041a07d,"souls.exe function, 14 bytes"
0041A08B,FUN_0041a08b,"souls.exe function, 14 bytes"
0041A099,FUN_0041a099,"souls.exe function, 14 bytes"
0041A0A7,FUN_0041a0a7,"souls.exe function, 14 bytes"
0041A0B5,FUN_0041a0b5,"souls.exe function, 14 bytes"
0041A0C3,FUN_0041a0c3,"souls.exe function, 14 bytes"
0041A0D1,FUN_0041a0d1,"souls.exe function, 11 bytes"
0041A0E6,FUN_0041a0e6,"souls.exe function, 8 bytes"
0041A0EE,FUN_0041a0ee,"souls.exe function, 134 bytes"
0041A174,FUN_0041a174,"souls.exe function, 14 bytes"
0041A182,FUN_0041a182,"souls.exe function, 14 bytes"
0041A190,FUN_0041a190,"souls.exe function, 14 bytes"
0041A19E,FUN_0041a19e,"souls.exe function, 14 bytes"
0041A1AC,FUN_0041a1ac,"souls.exe function, 14 bytes"
0041A1BA,FUN_0041a1ba,"souls.exe function, 14 bytes"
0041A1C8,FUN_0041a1c8,"souls.exe function, 14 bytes"
0041A1D6,FUN_0041a1d6,"souls.exe function, 14 bytes"
0041A1E4,FUN_0041a1e4,"souls.exe function, 14 bytes"
0041A1F2,FUN_0041a1f2,"souls.exe function, 11 bytes"
0041A207,FUN_0041a207,"souls.exe function, 8 bytes"
0041A20F,FUN_0041a20f,"souls.exe function, 54 bytes"
0041A245,FUN_0041a245,"souls.exe function, 11 bytes"
0041A25A,FUN_0041a25a,"souls.exe function, 8 bytes"
0041A262,FUN_0041a262,"souls.exe function, 62 bytes"
0041A2A0,FUN_0041a2a0,"souls.exe function, 11 bytes"
0041A2AB,FUN_0041a2ab,"souls.exe function, 11 bytes"
0041A2C0,FUN_0041a2c0,"souls.exe function, 8 bytes"
0041A2C8,FUN_0041a2c8,"souls.exe function, 107 bytes"
0041A333,FUN_0041a333,"souls.exe function, 14 bytes"
0041A341,FUN_0041a341,"souls.exe function, 14 bytes"
0041A34F,FUN_0041a34f,"souls.exe function, 14 bytes"
0041A35D,FUN_0041a35d,"souls.exe function, 14 bytes"
0041A36B,FUN_0041a36b,"souls.exe function, 14 bytes"
0041A379,FUN_0041a379,"souls.exe function, 14 bytes"
0041A387,FUN_0041a387,"souls.exe function, 11 bytes"
0041A39C,FUN_0041a39c,"souls.exe function, 8 bytes"
0041A3A4,FUN_0041a3a4,"souls.exe function, 116 bytes"
0041A418,FUN_0041a418,"souls.exe function, 14 bytes"
0041A426,FUN_0041a426,"souls.exe function, 14 bytes"
0041A434,FUN_0041a434,"souls.exe function, 14 bytes"
0041A442,FUN_0041a442,"souls.exe function, 14 bytes"
0041A450,FUN_0041a450,"souls.exe function, 14 bytes"
0041A45E,FUN_0041a45e,"souls.exe function, 14 bytes"
0041A46C,FUN_0041a46c,"souls.exe function, 14 bytes"
0041A47A,FUN_0041a47a,"souls.exe function, 11 bytes"
0041A48F,FUN_0041a48f,"souls.exe function, 8 bytes"
0041A497,FUN_0041a497,"souls.exe function, 215 bytes"
0041A56E,FUN_0041a56e,"souls.exe function, 14 bytes"
0041A57C,FUN_0041a57c,"souls.exe function, 14 bytes"
0041A58A,FUN_0041a58a,"souls.exe function, 14 bytes"
0041A598,FUN_0041a598,"souls.exe function, 14 bytes"
0041A5A6,FUN_0041a5a6,"souls.exe function, 14 bytes"
0041A5B4,FUN_0041a5b4,"souls.exe function, 14 bytes"
0041A5C2,FUN_0041a5c2,"souls.exe function, 14 bytes"
0041A5D0,FUN_0041a5d0,"souls.exe function, 14 bytes"
0041A5DE,FUN_0041a5de,"souls.exe function, 14 bytes"
0041A5EC,FUN_0041a5ec,"souls.exe function, 14 bytes"
0041A5FA,FUN_0041a5fa,"souls.exe function, 14 bytes"
0041A608,FUN_0041a608,"souls.exe function, 14 bytes"
0041A616,FUN_0041a616,"souls.exe function, 14 bytes"
0041A624,FUN_0041a624,"souls.exe function, 14 bytes"
0041A632,FUN_0041a632,"souls.exe function, 14 bytes"
0041A640,FUN_0041a640,"souls.exe function, 14 bytes"
0041A64E,FUN_0041a64e,"souls.exe function, 14 bytes"
0041A65C,FUN_0041a65c,"souls.exe function, 14 bytes"
0041A66A,FUN_0041a66a,"souls.exe function, 11 bytes"
0041A67F,FUN_0041a67f,"souls.exe function, 8 bytes"
0041A687,FUN_0041a687,"souls.exe function, 80 bytes"
0041A6D7,FUN_0041a6d7,"souls.exe function, 14 bytes"
0041A6E5,FUN_0041a6e5,"souls.exe function, 14 bytes"
0041A6F3,FUN_0041a6f3,"souls.exe function, 14 bytes"
0041A701,FUN_0041a701,"souls.exe function, 14 bytes"
0041A719,FUN_0041a719,"souls.exe function, 8 bytes"
0041A721,FUN_0041a721,"souls.exe function, 62 bytes"
0041A75F,FUN_0041a75f,"souls.exe function, 14 bytes"
0041A76D,FUN_0041a76d,"souls.exe function, 14 bytes"
0041A785,FUN_0041a785,"souls.exe function, 8 bytes"
0041A78D,FUN_0041a78d,"souls.exe function, 54 bytes"
0041A7C3,FUN_0041a7c3,"souls.exe function, 11 bytes"
0041A7D8,FUN_0041a7d8,"souls.exe function, 8 bytes"
0041A7E0,FUN_0041a7e0,"souls.exe function, 71 bytes"
0041A827,FUN_0041a827,"souls.exe function, 14 bytes"
0041A835,FUN_0041a835,"souls.exe function, 14 bytes"
0041A843,FUN_0041a843,"souls.exe function, 11 bytes"
0041A858,FUN_0041a858,"souls.exe function, 8 bytes"
0041A860,FUN_0041a860,"souls.exe function, 54 bytes"
0041A896,FUN_0041a896,"souls.exe function, 11 bytes"
0041A8AB,FUN_0041a8ab,"souls.exe function, 8 bytes"
0041A8B3,FUN_0041a8b3,"souls.exe function, 80 bytes"
0041A903,FUN_0041a903,"souls.exe function, 11 bytes"
0041A90E,FUN_0041a90e,"souls.exe function, 11 bytes"
0041A919,FUN_0041a919,"souls.exe function, 11 bytes"
0041A924,FUN_0041a924,"souls.exe function, 11 bytes"
0041A939,FUN_0041a939,"souls.exe function, 8 bytes"
0041A941,FUN_0041a941,"souls.exe function, 415 bytes"
0041AAE0,FUN_0041aae0,"souls.exe function, 14 bytes"
0041AAEE,FUN_0041aaee,"souls.exe function, 14 bytes"
0041AAFC,FUN_0041aafc,"souls.exe function, 14 bytes"
0041AB0A,FUN_0041ab0a,"souls.exe function, 14 bytes"
0041AB18,FUN_0041ab18,"souls.exe function, 14 bytes"
0041AB26,FUN_0041ab26,"souls.exe function, 14 bytes"
0041AB34,FUN_0041ab34,"souls.exe function, 14 bytes"
0041AB42,FUN_0041ab42,"souls.exe function, 14 bytes"
0041AB50,FUN_0041ab50,"souls.exe function, 14 bytes"
0041AB5E,FUN_0041ab5e,"souls.exe function, 14 bytes"
0041AB6C,FUN_0041ab6c,"souls.exe function, 14 bytes"
0041AB7A,FUN_0041ab7a,"souls.exe function, 14 bytes"
0041AB88,FUN_0041ab88,"souls.exe function, 14 bytes"
0041AB96,FUN_0041ab96,"souls.exe function, 14 bytes"
0041ABA4,FUN_0041aba4,"souls.exe function, 14 bytes"
0041ABB2,FUN_0041abb2,"souls.exe function, 14 bytes"
0041ABC0,FUN_0041abc0,"souls.exe function, 14 bytes"
0041ABCE,FUN_0041abce,"souls.exe function, 14 bytes"
0041ABDC,FUN_0041abdc,"souls.exe function, 14 bytes"
0041ABEA,FUN_0041abea,"souls.exe function, 14 bytes"
0041ABF8,FUN_0041abf8,"souls.exe function, 14 bytes"
0041AC06,FUN_0041ac06,"souls.exe function, 14 bytes"
0041AC14,FUN_0041ac14,"souls.exe function, 14 bytes"
0041AC22,FUN_0041ac22,"souls.exe function, 14 bytes"
0041AC30,FUN_0041ac30,"souls.exe function, 14 bytes"
0041AC3E,FUN_0041ac3e,"souls.exe function, 14 bytes"
0041AC4C,FUN_0041ac4c,"souls.exe function, 14 bytes"
0041AC5A,FUN_0041ac5a,"souls.exe function, 14 bytes"
0041AC68,FUN_0041ac68,"souls.exe function, 14 bytes"
0041AC76,FUN_0041ac76,"souls.exe function, 14 bytes"
0041AC84,FUN_0041ac84,"souls.exe function, 14 bytes"
0041AC92,FUN_0041ac92,"souls.exe function, 14 bytes"
0041ACA0,FUN_0041aca0,"souls.exe function, 14 bytes"
0041ACAE,FUN_0041acae,"souls.exe function, 14 bytes"
0041ACBC,FUN_0041acbc,"souls.exe function, 14 bytes"
0041ACCA,FUN_0041acca,"souls.exe function, 14 bytes"
0041ACD8,FUN_0041acd8,"souls.exe function, 14 bytes"
0041ACE6,FUN_0041ace6,"souls.exe function, 14 bytes"
0041ACF4,FUN_0041acf4,"souls.exe function, 11 bytes"
0041AD09,FUN_0041ad09,"souls.exe function, 8 bytes"
0041AD11,MapRulesReeval,Re-evaluates the map rules after the FLAGS script command changes DAT_004FB030
0041AD50,FUN_0041ad50,"souls.exe function, 10 bytes"
0041AD5A,FUN_0041ad5a,"souls.exe function, 14 bytes"
0041AD72,CSoulsViewOnCreate,"CSoulsView::OnCreate: creates the splitter, child dialogs, image lists and misc32 bitmap"
0041B2AC,CSoulsViewOnDestroy,CSoulsView::OnDestroy
0041B2DE,CSoulsViewOnSize,"CSoulsView::OnSize -> FUN_00405878(view,w,h) per-mille scale update"
0041B319,FUN_0041b319,"souls.exe function, 349 bytes"
0041B476,CSoulsViewLayout,"Full view layout from the client rect: map rect, hero panel, splitter rows, button bar"
0041B891,FrontEndSetState,"Front-end state machine (0 title,1 menu,2 world list,3 choose world,4 story,5 well,6/7 scene,8 death,0xB web)"
0041BD7B,IsInGame,Reports in-game: state is 5 or 7 and a soul exists (DAT_004e17fc && hero+0xC != 0)
0041BDB4,FrontEndTick,"Per-frame tick driving the current front-end state (title dwell, hotspot animation)"
0041C15C,FUN_0041c15c,"souls.exe function, 113 bytes"
0041C1CD,FrontEndClick,Mouse-down handler dispatched by front-end state (advances title screen/menus)
0041C2BC,FrontViewOnLButtonUp,"state 1/3 hotspot hit test; state 4: 'Saw Mouseup during story state', DAT_004DF8A8=0"
0041C348,FUN_0041c348,"souls.exe function, 68 bytes"
0041C38C,FUN_0041c38c,"souls.exe function, 395 bytes"
0041C543,FUN_0041c543,"souls.exe function, 169 bytes"
0041C5EC,FUN_0041c5ec,"souls.exe function, 237 bytes"
0041C6D9,FUN_0041c6d9,"souls.exe function, 62 bytes"
0041C717,FrontViewOnDraw,"Front view paint: backdrop, then HotspotDrawLayer(0/1, GetTickCount()) at 0x41C7F2"
0041CFD7,FUN_0041cfd7,"souls.exe function, 11 bytes"
0041CFEC,FUN_0041cfec,"souls.exe function, 11 bytes"
0041D01E,TitleStateInit,State 0: registers the Well/Souls/copyright sliding hotspots over art\title.jpg
0041D121,RandomGoldenText,Picks a random Thank-you-Golden-Soul string for the menu hotspot
0041D155,MainMenuInit,"State 1: main menu over art\beg.jpg (MainMenu.wav, tos.rtf terms)"
0041D31F,WorldSelectTitle,State 2: draws the Where Do You Want To Play Today? title text
0041D374,DrawScanningText,Draws the --- Scanning --- text while enumerating worlds/players
0041D3CC,WorldListDraw,Paints the visible world rows as clickable hotspots
0041D635,WorldRowChosen,"0x474: world name, RefreshSoulList, 0x4C8, MapLoader(world,0,1), FrontEndSetState(4)"
0041D717,WorldListInit,State 3: enumerates worlds\* and builds the full world list plus the create-world link
0041D97A,FUN_0041d97a,"souls.exe function, 10 bytes"
0041D984,FUN_0041d984,"souls.exe function, 14 bytes"
0041D9A6,FUN_0041d9a6,"souls.exe function, 25 bytes"
0041D9BF,FUN_0041d9bf,"souls.exe function, 14 bytes"
0041D9EB,FUN_0041d9eb,"souls.exe function, 25 bytes"
0041DA04,FUN_0041da04,"souls.exe function, 14 bytes"
0041DA30,FUN_0041da30,"souls.exe function, 25 bytes"
0041DA49,FUN_0041da49,"souls.exe function, 14 bytes"
0041DA75,FUN_0041da75,"souls.exe function, 25 bytes"
0041DA8E,FUN_0041da8e,"souls.exe function, 14 bytes"
0041DAB0,FUN_0041dab0,"souls.exe function, 70 bytes"
0041DB00,FUN_0041db00,"souls.exe function, 8 bytes"
0041DB12,FUN_0041db12,"souls.exe function, 25 bytes"
0041DB2B,FUN_0041db2b,"souls.exe function, 14 bytes"
0041DB57,FUN_0041db57,"souls.exe function, 25 bytes"
0041DB70,FUN_0041db70,"souls.exe function, 14 bytes"
0041DB9C,FUN_0041db9c,"souls.exe function, 25 bytes"
0041DBB5,FUN_0041dbb5,"souls.exe function, 14 bytes"
0041DBE1,FUN_0041dbe1,"souls.exe function, 25 bytes"
0041DBFA,FUN_0041dbfa,"souls.exe function, 14 bytes"
0041DC26,FUN_0041dc26,"souls.exe function, 25 bytes"
0041DC3F,FUN_0041dc3f,"souls.exe function, 14 bytes"
0041DC6B,FUN_0041dc6b,"souls.exe function, 25 bytes"
0041DC84,FUN_0041dc84,"souls.exe function, 14 bytes"
0041DCB0,FUN_0041dcb0,"souls.exe function, 25 bytes"
0041DCC9,FUN_0041dcc9,"souls.exe function, 14 bytes"
0041DCF5,FUN_0041dcf5,"souls.exe function, 25 bytes"
0041DD0E,FUN_0041dd0e,"souls.exe function, 14 bytes"
0041DD3A,FUN_0041dd3a,"souls.exe function, 25 bytes"
0041DD53,FUN_0041dd53,"souls.exe function, 14 bytes"
0041DD7F,FUN_0041dd7f,"souls.exe function, 25 bytes"
0041DD98,FUN_0041dd98,"souls.exe function, 14 bytes"
0041DDC4,FUN_0041ddc4,"souls.exe function, 25 bytes"
0041DDDD,FUN_0041dddd,"souls.exe function, 14 bytes"
0041DE09,FUN_0041de09,"souls.exe function, 25 bytes"
0041DE22,FUN_0041de22,"souls.exe function, 14 bytes"
0041DE4E,FUN_0041de4e,"souls.exe function, 25 bytes"
0041DE67,FUN_0041de67,"souls.exe function, 14 bytes"
0041DE93,FUN_0041de93,"souls.exe function, 10 bytes"
0041DE9D,FUN_0041de9d,"souls.exe function, 14 bytes"
0041DEB5,FUN_0041deb5,"souls.exe function, 634 bytes"
0041E1AA,ResolveWorldFile,World-first file resolver: tries <root>\worlds\<W>\<rel> then <root>\<rel>
0041E200,RebuildCurrentMap,Rebuilds the current map by re-entering the map loader for the active map
0041E28B,FUN_0041e28b,"souls.exe function, 122 bytes"
0041E305,FUN_0041e305,"souls.exe function, 128 bytes"
0041E385,FUN_0041e385,"souls.exe function, 156 bytes"
0041E421,MapLoader,"Map loader: quest.txt, ~12 config.ini keys, objects.obr, <map>.obl/.mon/.ter, X4.jpg, scroll centre"
0041EDCC,FUN_0041edcc,"souls.exe function, 8 bytes"
0041F23F,FUN_0041f23f,"souls.exe function, 8 bytes"
0041F247,ClickToWalk,Click-to-walk path; converts screen px to 8.8 fixed-point map units and plays walk.wav
0041F309,EditorCameraDrag,Editor mode 9/10: mouse-drag camera panning
0041F361,FUN_0041f361,"souls.exe function, 87 bytes"
0041F408,FUN_0041f408,"souls.exe function, 47 bytes"
0041F465,GetHeroMapIndex,Accessor for the hero's current map index (hero+0x90)
0041F699,PlayNowHandler,0x46B Play-now handler (world/game entry)
0041F737,FUN_0041f737,"souls.exe function, 23 bytes"
0041F76F,FUN_0041f76f,"souls.exe function, 195 bytes"
0041F832,SoulSlotInUse,Tests a soul slot's inUse/serial (piVar2[1] != serial)
0041F85A,FUN_0041f85a,"souls.exe function, 66 bytes"
0041F89C,SoulListAdd,Adds a soul to the on-screen soul list (display name at hero+0x9F4)
0041FD46,SoulListAddIfView,Wrapper: adds a soul to the list only when the view exists
0041FD5F,FUN_0041fd5f,"souls.exe function, 56 bytes"
0041FD97,FUN_0041fd97,"souls.exe function, 779 bytes"
004200CA,ClearHeroRuntimePtrs,Clears the hero's runtime pointers/derived fields before a new soul is built
00420132,HeroResetKeepSerial,Resets the hero record keeping the serial and the name
0042021A,FUN_0042021a,"souls.exe function, 38 bytes"
00420240,Incarnate,"Incarnate: save, bump counters, refresh HUD, send 0x46A(link,map), tick the quest engine"
0042052D,JoinScene,Handles 0x475 join-scene -> FUN_00491767(sceneNum) -> FUN_0047a2a7
004205B5,FUN_004205b5,"souls.exe function, 351 bytes"
00420714,CloseOverlaysGoMap,Closes overlays and switches to state 6 (live map)
004207BD,ApplyClassDefaults,"Copies class abilities, max PP, starting spells/items and flag block into the hero record"
0042095E,WellCommand,Well command handler: cmd 0/3/4 = incarnate / new soul / haunt (0x486/0x489/0x48F)
0042103D,FUN_0042103d,"souls.exe function, 11 bytes"
00421052,FUN_00421052,"souls.exe function, 11 bytes"
0042105D,FUN_0042105d,"souls.exe function, 179 bytes"
00421110,FUN_00421110,"souls.exe function, 14 bytes"
0042111E,FUN_0042111e,"souls.exe function, 14 bytes"
0042112C,FUN_0042112c,"souls.exe function, 14 bytes"
0042113A,FUN_0042113a,"souls.exe function, 14 bytes"
00421148,FUN_00421148,"souls.exe function, 14 bytes"
00421156,FUN_00421156,"souls.exe function, 14 bytes"
00421164,FUN_00421164,"souls.exe function, 14 bytes"
00421172,FUN_00421172,"souls.exe function, 14 bytes"
00421180,FUN_00421180,"souls.exe function, 14 bytes"
0042118E,FUN_0042118e,"souls.exe function, 14 bytes"
0042119C,FUN_0042119c,"souls.exe function, 14 bytes"
004211AA,FUN_004211aa,"souls.exe function, 14 bytes"
004211B8,FUN_004211b8,"souls.exe function, 14 bytes"
004211C6,FUN_004211c6,"souls.exe function, 14 bytes"
004211D4,FUN_004211d4,"souls.exe function, 11 bytes"
004211E9,FUN_004211e9,"souls.exe function, 8 bytes"
004211F1,FUN_004211f1,"souls.exe function, 71 bytes"
00421238,FUN_00421238,"souls.exe function, 14 bytes"
00421246,FUN_00421246,"souls.exe function, 11 bytes"
00421251,FUN_00421251,"souls.exe function, 11 bytes"
00421266,FUN_00421266,"souls.exe function, 8 bytes"
0042126E,OfferListAdd,OFFER: appends item ids to the offer list (caps 100 entries / 800 chars)
00421314,HostGive,HOST_GIVE opcode: gives one object id (vs FUN_0042126e for GIVE)
00421364,StatusPanelUpdate,Dialog 148 status/tracking panel update
004213E8,MissionPickerUpdate,Dialog 237/0xED mission picker
00421461,CenterDialogOnFrame,Centers dialog 231/0xE7 on the main frame
0042150B,FUN_0042150b,"souls.exe function, 24 bytes"
00421523,FUN_00421523,"souls.exe function, 6 bytes"
00421529,GiveItem,GIVE opcode: gives one object id
00421563,ToggleGameDialog,Opens/closes one of the 8 modeless game dialogs (selector DAT_004e18a4)
0042198F,Dissolve,"Busy loop until GetTickCount-t0 >= ms: rand(),rand(),FillSolidRect random block; no pump (count is CPU speed)"
00421B81,WebBrowserViewInit,State 11 setup: web browser view (dialog 0xE9 with IWebBrowser2)
00421CA1,FUN_00421ca1,"souls.exe function, 24 bytes"
00421CB9,FUN_00421cb9,"souls.exe function, 92 bytes"
00421D15,FUN_00421d15,"souls.exe function, 424 bytes"
00421EBD,FUN_00421ebd,"souls.exe function, 17 bytes"
00421ED8,FUN_00421ed8,"souls.exe function, 10 bytes"
00421EE2,FUN_00421ee2,"souls.exe function, 14 bytes"
00421EFA,FUN_00421efa,"souls.exe function, 1118 bytes"
004224E5,ApplyRecolorTable,Re-maps a picture's palette from the recolor table; never touches palette index 0
00422647,FUN_00422647,"souls.exe function, 49 bytes"
00422678,FUN_00422678,"souls.exe function, 106 bytes"
00422712,RefreshQuickSlotPanel,"Refreshes the panel window at view+0x3308, filling slots 5..11 from hero+0x99C..0x9BC"
0042275D,FUN_0042275d,"souls.exe function, 44 bytes"
00422789,FUN_00422789,"souls.exe function, 54 bytes"
004227BF,FUN_004227bf,"souls.exe function, 354 bytes"
00422921,FUN_00422921,"souls.exe function, 277 bytes"
00422A36,FUN_00422a36,"souls.exe function, 44 bytes"
00422BA8,FUN_00422ba8,"souls.exe function, 1661 bytes"
00423248,FUN_00423248,"souls.exe function, 8 bytes"
00423250,FUN_00423250,"souls.exe function, 612 bytes"
004234BC,FUN_004234bc,"souls.exe function, 8 bytes"
004234D6,FUN_004234d6,"souls.exe function, 8 bytes"
0042384C,FUN_0042384c,"souls.exe function, 247 bytes"
00423B52,FUN_00423b52,"souls.exe function, 171 bytes"
00423C6D,FUN_00423c6d,"souls.exe function, 50 bytes"
00423D16,FUN_00423d16,"souls.exe function, 24 bytes"
00423D2E,FUN_00423d2e,"souls.exe function, 251 bytes"
00423E29,FUN_00423e29,"souls.exe function, 145 bytes"
00423EBA,FUN_00423eba,"souls.exe function, 78 bytes"
00424442,FUN_00424442,"souls.exe function, 28 bytes"
0042445E,ResolveArtPath,Resolves an art file name in the order world -> themes\<T> -> root
00424526,LoadArtImage,Builds art\<name> via FUN_0042445e and loads the image with FUN_00486690
004245D1,DrawTreeFiller,Draws tree.bmp (wood-grain info-pane filler) three times at +0x64/+0x74/+0x84
004246B6,FUN_004246b6,"souls.exe function, 259 bytes"
00424899,FUN_00424899,"souls.exe function, 770 bytes"
00424BBB,FUN_00424bbb,"souls.exe function, 205 bytes"
00424D06,FUN_00424d06,"souls.exe function, 103 bytes"
00424D6D,FUN_00424d6d,"souls.exe function, 14 bytes"
00424D7B,FUN_00424d7b,"souls.exe function, 14 bytes"
00424D89,FUN_00424d89,"souls.exe function, 11 bytes"
00424D94,FUN_00424d94,"souls.exe function, 11 bytes"
00424DA9,FUN_00424da9,"souls.exe function, 8 bytes"
00424DD2,PPProficiencyScale,scale*(1-1/(PP*0.0002+1)): physical charge/proficiency curve (not a clamp)
00424E1E,FUN_00424e1e,"souls.exe function, 58 bytes"
00424E9D,FUN_00424e9d,"souls.exe function, 54 bytes"
00425570,FUN_00425570,"souls.exe function, 429 bytes"
0042571D,FUN_0042571d,"souls.exe function, 104 bytes"
00425854,FUN_00425854,"souls.exe function, 100 bytes"
004258B8,ApplyHealMP,Cashes the attack gauge in as an MP heal (spellMP*0x14/2 + 0x14)
00425E67,FUN_00425e67,"souls.exe function, 273 bytes"
00425F78,FUN_00425f78,"souls.exe function, 39 bytes"
0042606D,FUN_0042606d,"souls.exe function, 25 bytes"
00426086,FUN_00426086,"souls.exe function, 45 bytes"
004260B3,FUN_004260b3,"souls.exe function, 30 bytes"
004260D1,CreateObject,"souls.exe function, 77 bytes"
00426149,FUN_00426149,"souls.exe function, 74 bytes"
00426193,FUN_00426193,"souls.exe function, 67 bytes"
004261D6,FUN_004261d6,"souls.exe function, 15 bytes"
004261E5,FUN_004261e5,"souls.exe function, 25 bytes"
004261FE,FUN_004261fe,"souls.exe function, 15 bytes"
0042620D,FUN_0042620d,"souls.exe function, 20 bytes"
00426221,FUN_00426221,"souls.exe function, 697 bytes"
00426687,FUN_00426687,"souls.exe function, 8 bytes"
00426699,FUN_00426699,"souls.exe function, 8 bytes"
004266A1,FUN_004266a1,"souls.exe function, 262 bytes"
004267BA,FUN_004267ba,"souls.exe function, 8 bytes"
004267C2,FUN_004267c2,"souls.exe function, 145 bytes"
00426853,FUN_00426853,"souls.exe function, 39 bytes"
0042687A,FUN_0042687a,"souls.exe function, 82 bytes"
004268CC,FUN_004268cc,"souls.exe function, 227 bytes"
004269AF,FUN_004269af,"souls.exe function, 870 bytes"
00426E26,FUN_00426e26,"souls.exe function, 30 bytes"
00426E44,FUN_00426e44,"souls.exe function, 80 bytes"
00426E94,FUN_00426e94,"souls.exe function, 14 bytes"
00426EA2,FUN_00426ea2,"souls.exe function, 14 bytes"
00426EB0,FUN_00426eb0,"souls.exe function, 14 bytes"
00426EBE,FUN_00426ebe,"souls.exe function, 11 bytes"
00426ED3,FUN_00426ed3,"souls.exe function, 8 bytes"
00426EDB,~CDaoFieldInfo,"souls.exe function, 98 bytes"
00426F3D,FUN_00426f3d,"souls.exe function, 14 bytes"
00426F4B,FUN_00426f4b,"souls.exe function, 14 bytes"
00426F59,FUN_00426f59,"souls.exe function, 14 bytes"
00426F67,FUN_00426f67,"souls.exe function, 14 bytes"
00426F75,FUN_00426f75,"souls.exe function, 14 bytes"
00426F83,FUN_00426f83,"souls.exe function, 11 bytes"
00426F98,FUN_00426f98,"souls.exe function, 8 bytes"
00426FA0,FUN_00426fa0,"souls.exe function, 62 bytes"
00426FDE,FUN_00426fde,"souls.exe function, 11 bytes"
00426FE9,FUN_00426fe9,"souls.exe function, 11 bytes"
00426FFE,FUN_00426ffe,"souls.exe function, 8 bytes"
00427006,FUN_00427006,"souls.exe function, 116 bytes"
0042707A,FUN_0042707a,"souls.exe function, 14 bytes"
00427088,FUN_00427088,"souls.exe function, 14 bytes"
00427096,FUN_00427096,"souls.exe function, 14 bytes"
004270A4,FUN_004270a4,"souls.exe function, 14 bytes"
004270B2,FUN_004270b2,"souls.exe function, 14 bytes"
004270C0,FUN_004270c0,"souls.exe function, 14 bytes"
004270CE,FUN_004270ce,"souls.exe function, 14 bytes"
004270DC,FUN_004270dc,"souls.exe function, 11 bytes"
004270F1,FUN_004270f1,"souls.exe function, 8 bytes"
004270F9,FUN_004270f9,"souls.exe function, 107 bytes"
00427164,FUN_00427164,"souls.exe function, 14 bytes"
00427172,FUN_00427172,"souls.exe function, 14 bytes"
00427180,FUN_00427180,"souls.exe function, 14 bytes"
0042718E,FUN_0042718e,"souls.exe function, 14 bytes"
0042719C,FUN_0042719c,"souls.exe function, 14 bytes"
004271AA,FUN_004271aa,"souls.exe function, 11 bytes"
004271B5,FUN_004271b5,"souls.exe function, 11 bytes"
004271CA,FUN_004271ca,"souls.exe function, 8 bytes"
004271D2,FUN_004271d2,"souls.exe function, 143 bytes"
00427261,FUN_00427261,"souls.exe function, 14 bytes"
0042726F,FUN_0042726f,"souls.exe function, 14 bytes"
0042727D,FUN_0042727d,"souls.exe function, 14 bytes"
0042728B,FUN_0042728b,"souls.exe function, 14 bytes"
00427299,FUN_00427299,"souls.exe function, 14 bytes"
004272A7,FUN_004272a7,"souls.exe function, 14 bytes"
004272B5,FUN_004272b5,"souls.exe function, 14 bytes"
004272C3,FUN_004272c3,"souls.exe function, 11 bytes"
004272CE,FUN_004272ce,"souls.exe function, 11 bytes"
004272D9,FUN_004272d9,"souls.exe function, 11 bytes"
004272E4,FUN_004272e4,"souls.exe function, 11 bytes"
004272F9,FUN_004272f9,"souls.exe function, 8 bytes"
00427301,FUN_00427301,"souls.exe function, 251 bytes"
004273FC,FUN_004273fc,"souls.exe function, 14 bytes"
0042740A,FUN_0042740a,"souls.exe function, 14 bytes"
00427418,FUN_00427418,"souls.exe function, 14 bytes"
00427426,FUN_00427426,"souls.exe function, 14 bytes"
00427434,FUN_00427434,"souls.exe function, 14 bytes"
00427442,FUN_00427442,"souls.exe function, 14 bytes"
00427450,FUN_00427450,"souls.exe function, 14 bytes"
0042745E,FUN_0042745e,"souls.exe function, 14 bytes"
0042746C,FUN_0042746c,"souls.exe function, 14 bytes"
0042747A,FUN_0042747a,"souls.exe function, 14 bytes"
00427488,FUN_00427488,"souls.exe function, 14 bytes"
00427496,FUN_00427496,"souls.exe function, 14 bytes"
004274A4,FUN_004274a4,"souls.exe function, 14 bytes"
004274B2,FUN_004274b2,"souls.exe function, 14 bytes"
004274C0,FUN_004274c0,"souls.exe function, 14 bytes"
004274CE,FUN_004274ce,"souls.exe function, 14 bytes"
004274DC,FUN_004274dc,"souls.exe function, 14 bytes"
004274EA,FUN_004274ea,"souls.exe function, 14 bytes"
004274F8,FUN_004274f8,"souls.exe function, 11 bytes"
00427503,FUN_00427503,"souls.exe function, 11 bytes"
0042750E,FUN_0042750e,"souls.exe function, 11 bytes"
00427519,FUN_00427519,"souls.exe function, 11 bytes"
00427524,FUN_00427524,"souls.exe function, 11 bytes"
00427539,FUN_00427539,"souls.exe function, 8 bytes"
00427541,FUN_00427541,"souls.exe function, 89 bytes"
0042759A,FUN_0042759a,"souls.exe function, 14 bytes"
004275A8,FUN_004275a8,"souls.exe function, 14 bytes"
004275B6,FUN_004275b6,"souls.exe function, 14 bytes"
004275C4,FUN_004275c4,"souls.exe function, 14 bytes"
004275D2,FUN_004275d2,"souls.exe function, 11 bytes"
004275E7,FUN_004275e7,"souls.exe function, 8 bytes"
004275EF,FUN_004275ef,"souls.exe function, 80 bytes"
0042763F,FUN_0042763f,"souls.exe function, 14 bytes"
0042764D,FUN_0042764d,"souls.exe function, 14 bytes"
0042765B,FUN_0042765b,"souls.exe function, 11 bytes"
00427666,FUN_00427666,"souls.exe function, 11 bytes"
0042767B,FUN_0042767b,"souls.exe function, 8 bytes"
00427683,FUN_00427683,"souls.exe function, 71 bytes"
004276CA,FUN_004276ca,"souls.exe function, 14 bytes"
004276D8,FUN_004276d8,"souls.exe function, 11 bytes"
004276E3,FUN_004276e3,"souls.exe function, 11 bytes"
004276F8,FUN_004276f8,"souls.exe function, 8 bytes"
00427700,~CDaoFieldInfo,"souls.exe function, 98 bytes"
00427762,FUN_00427762,"souls.exe function, 14 bytes"
00427770,FUN_00427770,"souls.exe function, 14 bytes"
0042777E,FUN_0042777e,"souls.exe function, 14 bytes"
0042778C,FUN_0042778c,"souls.exe function, 14 bytes"
0042779A,FUN_0042779a,"souls.exe function, 11 bytes"
004277A5,FUN_004277a5,"souls.exe function, 11 bytes"
004277BA,FUN_004277ba,"souls.exe function, 8 bytes"
004277C2,FUN_004277c2,"souls.exe function, 71 bytes"
00427809,FUN_00427809,"souls.exe function, 14 bytes"
00427817,FUN_00427817,"souls.exe function, 11 bytes"
00427822,FUN_00427822,"souls.exe function, 11 bytes"
00427837,FUN_00427837,"souls.exe function, 8 bytes"
0042783F,FUN_0042783f,"souls.exe function, 233 bytes"
00427928,FUN_00427928,"souls.exe function, 14 bytes"
00427936,FUN_00427936,"souls.exe function, 14 bytes"
00427944,FUN_00427944,"souls.exe function, 14 bytes"
00427952,FUN_00427952,"souls.exe function, 14 bytes"
00427960,FUN_00427960,"souls.exe function, 14 bytes"
0042796E,FUN_0042796e,"souls.exe function, 14 bytes"
0042797C,FUN_0042797c,"souls.exe function, 14 bytes"
0042798A,FUN_0042798a,"souls.exe function, 14 bytes"
00427998,FUN_00427998,"souls.exe function, 14 bytes"
004279A6,FUN_004279a6,"souls.exe function, 14 bytes"
004279B4,FUN_004279b4,"souls.exe function, 14 bytes"
004279C2,FUN_004279c2,"souls.exe function, 14 bytes"
004279D0,FUN_004279d0,"souls.exe function, 14 bytes"
004279DE,FUN_004279de,"souls.exe function, 14 bytes"
004279EC,FUN_004279ec,"souls.exe function, 14 bytes"
004279FA,FUN_004279fa,"souls.exe function, 14 bytes"
00427A08,FUN_00427a08,"souls.exe function, 14 bytes"
00427A16,FUN_00427a16,"souls.exe function, 14 bytes"
00427A24,FUN_00427a24,"souls.exe function, 14 bytes"
00427A32,FUN_00427a32,"souls.exe function, 14 bytes"
00427A40,FUN_00427a40,"souls.exe function, 11 bytes"
00427A55,FUN_00427a55,"souls.exe function, 8 bytes"
00427A5D,FUN_00427a5d,"souls.exe function, 54 bytes"
00427A93,FUN_00427a93,"souls.exe function, 11 bytes"
00427AA8,FUN_00427aa8,"souls.exe function, 8 bytes"
00427AB0,FUN_00427ab0,"souls.exe function, 62 bytes"
00427AEE,FUN_00427aee,"souls.exe function, 14 bytes"
00427AFC,FUN_00427afc,"souls.exe function, 11 bytes"
00427B11,FUN_00427b11,"souls.exe function, 8 bytes"
00427B19,FUN_00427b19,"souls.exe function, 280 bytes"
00427C31,FUN_00427c31,"souls.exe function, 14 bytes"
00427C3F,FUN_00427c3f,"souls.exe function, 14 bytes"
00427C4D,FUN_00427c4d,"souls.exe function, 14 bytes"
00427C5B,FUN_00427c5b,"souls.exe function, 14 bytes"
00427C69,FUN_00427c69,"souls.exe function, 14 bytes"
00427C77,FUN_00427c77,"souls.exe function, 14 bytes"
00427C85,FUN_00427c85,"souls.exe function, 14 bytes"
00427C93,FUN_00427c93,"souls.exe function, 14 bytes"
00427CA1,FUN_00427ca1,"souls.exe function, 14 bytes"
00427CAF,FUN_00427caf,"souls.exe function, 14 bytes"
00427CBD,FUN_00427cbd,"souls.exe function, 14 bytes"
00427CCB,FUN_00427ccb,"souls.exe function, 14 bytes"
00427CD9,FUN_00427cd9,"souls.exe function, 14 bytes"
00427CE7,FUN_00427ce7,"souls.exe function, 14 bytes"
00427CF5,FUN_00427cf5,"souls.exe function, 14 bytes"
00427D03,FUN_00427d03,"souls.exe function, 14 bytes"
00427D11,FUN_00427d11,"souls.exe function, 14 bytes"
00427D1F,FUN_00427d1f,"souls.exe function, 14 bytes"
00427D37,FUN_00427d37,"souls.exe function, 8 bytes"
00427D3F,FUN_00427d3f,"souls.exe function, 54 bytes"
00427D75,FUN_00427d75,"souls.exe function, 20 bytes"
00427D89,HeroSlotAllocate,"Slot 0: in_use=1, serial=DAT_004DD20C (boot, before the serial is known, and PlayNowHandler); also resets world name and scene tables"
00427E3F,FUN_00427e3f,"souls.exe function, 78 bytes"
00427EAB,FUN_00427eab,"souls.exe function, 14 bytes"
00427EF0,FUN_00427ef0,"souls.exe function, 10 bytes"
00427EFA,FUN_00427efa,"souls.exe function, 39 bytes"
00427F21,FUN_00427f21,"souls.exe function, 148 bytes"
004281C6,FontPointSize,Point size argument for CFont::CreatePointFont (Tempus Sans ITC)
004281D5,FUN_004281d5,"souls.exe function, 329 bytes"
0042831E,FUN_0042831e,"souls.exe function, 8 bytes"
00428330,FUN_00428330,"souls.exe function, 8 bytes"
00428360,FUN_00428360,"souls.exe function, 25 bytes"
004288D1,FUN_004288d1,"souls.exe function, 104 bytes"
00428939,FUN_00428939,"souls.exe function, 35 bytes"
0042895C,NetGraphTick,"One discarded rand(), then the 25 ms world sub-gate"
00428C79,FUN_00428c79,"souls.exe function, 22 bytes"
00428C8F,FrameTimer16,Main frame WM_TIMER id 0x16 handler: enters FUN_0040A7C7 under a re-entrancy guard
00428D43,AbortToTitle,Abort / back to title: DAT_004df8a4 = -1 then FUN_0041b891(3)
00428DEA,FUN_00428dea,"souls.exe function, 99 bytes"
00428E4D,FUN_00428e4d,"souls.exe function, 1069 bytes"
0042927A,InitHeroAbilities,Sets base abilities STR/WIS/STA/AGI/DEX (100 at creation) and the derived fields
00429474,FUN_00429474,"souls.exe function, 11 bytes"
0042947F,FUN_0042947f,"souls.exe function, 71 bytes"
004294C6,FUN_004294c6,"souls.exe function, 14 bytes"
004294D4,FUN_004294d4,"souls.exe function, 11 bytes"
004294DF,FUN_004294df,"souls.exe function, 11 bytes"
004294F4,FUN_004294f4,"souls.exe function, 8 bytes"
00429693,FUN_00429693,"souls.exe function, 28 bytes"
004296C5,FUN_004296c5,"souls.exe function, 88 bytes"
004299EC,FUN_004299ec,"souls.exe function, 27 bytes"
00429A07,ResetCustomSounds,"Clears the custom sound table 0x54D578 (boot, sound prefs change)"
00429A31,PlaySoundId,"Sound id -> buffer: 0..65 built-in table 0x4E62E0, 1000..1255 custom 0x54D578; modes 0 stop/1 once/2 loop"
00429B78,FUN_00429b78,"souls.exe function, 84 bytes"
00429BCC,SoundNameToId,"Lowercase + .wav, find or register in the 256-slot custom table; returns 1000+slot or -1"
00429C9C,PlaySoundFile,"Looks up and plays a wav by name (e.g. MainMenu.wav, OpenDialog.wav)"
00429CC5,FUN_00429cc5,"souls.exe function, 27 bytes"
00429CE0,StopAllSounds,Stops every loaded built-in and custom sound id
00429DAE,FUN_00429dae,"souls.exe function, 26 bytes"
00429DC8,FUN_00429dc8,"souls.exe function, 34 bytes"
00429DEA,FUN_00429dea,"souls.exe function, 38 bytes"
00429E10,FUN_00429e10,"souls.exe function, 8 bytes"
0042A139,FUN_0042a139,"souls.exe function, 97 bytes"
0042A19A,FUN_0042a19a,"souls.exe function, 103 bytes"
0042A201,FUN_0042a201,"souls.exe function, 67 bytes"
0042A244,FUN_0042a244,"souls.exe function, 1990 bytes"
0042AA0A,FUN_0042aa0a,"souls.exe function, 6 bytes"
0042AA10,FUN_0042aa10,"souls.exe function, 1320 bytes"
0042AF38,FUN_0042af38,"souls.exe function, 265 bytes"
0042B041,SetGameMode,Sets the game mode into frame+0x73b0 and hero+8
0042B06A,FleeAttempt,"Flee button: FUN_00436c9d test, else the dragged-back message and the fight continues"
0042B187,FUN_0042b187,"souls.exe function, 20 bytes"
0042B2BA,FUN_0042b2ba,"souls.exe function, 197 bytes"
0042B389,FUN_0042b389,"souls.exe function, 11 bytes"
0042B394,FUN_0042b394,"souls.exe function, 84 bytes"
0042B3E8,FUN_0042b3e8,"souls.exe function, 1 bytes"
0042B3E9,FUN_0042b3e9,"souls.exe function, 1 bytes"
0042B3EA,FUN_0042b3ea,"souls.exe function, 99 bytes"
0042B44D,FUN_0042b44d,"souls.exe function, 76 bytes"
0042B499,FUN_0042b499,"souls.exe function, 71 bytes"
0042B4E0,SrnMixer,"Five rand() + GetTickCount per iteration, repeats while the fold & 0x3FFFFFFF is 0"
0042B51F,FUN_0042b51f,"souls.exe function, 77 bytes"
0042B56C,FUN_0042b56c,"souls.exe function, 70 bytes"
0042B5BC,FUN_0042b5bc,"souls.exe function, 8 bytes"
0042B5C4,FUN_0042b5c4,"souls.exe function, 171 bytes"
0042B66F,FUN_0042b66f,"souls.exe function, 55 bytes"
0042B6A6,FUN_0042b6a6,"souls.exe function, 27 bytes"
0042B6C1,XpToLevel,"XP->level: walks the cumulative-XP array at class+0x1A234 down from 100, floor 1"
0042B6F3,XpToNextTenths,"TNL = level*10 + clamp(((xp-xpLo)*10+9)/(xpHi-xpLo),0,9): XP to next level in tenths"
0042B765,XpAtFractionalLevel,"Interpolated XP at a fractional level: lerp(xpLo[L],xpHi[L+1],level%10)/10"
0042B7C7,MaxHPAtLevel,"Max HP at a level from class+0x1A238, with overflow term (L-101)*50"
0042B7F8,MaxMPAtLevel,"Max MP at a level from class+0x1A3CC, with overflow term (L-101)*20"
0042B829,XpRemaining,xpToLevel = xpHi[class*0x6B34+level] - currentXp (0 if already past the threshold)
0042B867,TrophyRoll,"Trophy roll, called once per victorious player"
0042BAA8,GoldCeiling,"Gold ceiling = clamp((level+1)*10000,0,1000000), limited by class+0x1ABDC when positive"
0042BAF3,AddGold,"Adds shared gold, keeps the banked/escrow mirror +0x25D in sync and clamps to the ceiling"
0042BB5C,BattlePayout,"End-of-fight payout: gold, XP, level-ups and trophies for every victorious player"
0042C1D0,FUN_0042c1d0,"souls.exe function, 51 bytes"
0042C203,FUN_0042c203,"souls.exe function, 577 bytes"
0042C444,FUN_0042c444,"souls.exe function, 687 bytes"
0042C6F3,FUN_0042c6f3,"souls.exe function, 51 bytes"
0042C726,FUN_0042c726,"souls.exe function, 382 bytes"
0042C8A4,FUN_0042c8a4,"souls.exe function, 240 bytes"
0042C994,FUN_0042c994,"souls.exe function, 114 bytes"
0042CA06,FUN_0042ca06,"souls.exe function, 202 bytes"
0042CAD0,FUN_0042cad0,"souls.exe function, 31 bytes"
0042CAEF,FUN_0042caef,"souls.exe function, 22 bytes"
0042CB05,FUN_0042cb05,"souls.exe function, 29 bytes"
0042CB22,FUN_0042cb22,"souls.exe function, 109 bytes"
0042CB8F,FUN_0042cb8f,"souls.exe function, 14575 bytes"
00430575,FUN_00430575,"souls.exe function, 26 bytes"
0043058F,FUN_0043058f,"souls.exe function, 100 bytes"
004305F3,FUN_004305f3,"souls.exe function, 79 bytes"
00430642,FUN_00430642,"souls.exe function, 180 bytes"
004306F6,MixMessage,MIX scene/message broadcast (0x33/0x41/0x43/0x48/0x55/0x73...); no-op offline
00431DB1,FUN_00431db1,"souls.exe function, 43 bytes"
00431DDC,FUN_00431ddc,"souls.exe function, 130 bytes"
00431F69,WriteLastIncarnation,Writes the INI key lastIncarnationName (fallback s_unincarnated)
00432029,FUN_00432029,"souls.exe function, 186 bytes"
004320E3,FUN_004320e3,"souls.exe function, 396 bytes"
0043226F,FUN_0043226f,"souls.exe function, 851 bytes"
004325DD,FUN_004325dd,"souls.exe function, 750 bytes"
004328CB,FUN_004328cb,"souls.exe function, 509 bytes"
00432AC8,FUN_00432ac8,"souls.exe function, 352 bytes"
00432C28,FUN_00432c28,"souls.exe function, 2618 bytes"
00433662,FUN_00433662,"souls.exe function, 429 bytes"
0043380F,FUN_0043380f,"souls.exe function, 365 bytes"
0043397C,FUN_0043397c,"souls.exe function, 215 bytes"
00433A53,FUN_00433a53,"souls.exe function, 209 bytes"
00433B24,FUN_00433b24,"souls.exe function, 382 bytes"
00433CA2,FUN_00433ca2,"souls.exe function, 399 bytes"
00433E31,FUN_00433e31,"souls.exe function, 235 bytes"
00433F1C,FUN_00433f1c,"souls.exe function, 81 bytes"
00433F6D,FUN_00433f6d,"souls.exe function, 71 bytes"
00433FB4,FUN_00433fb4,"souls.exe function, 340 bytes"
00434108,FUN_00434108,"souls.exe function, 67 bytes"
0043414B,FUN_0043414b,"souls.exe function, 52 bytes"
0043417F,FUN_0043417f,"souls.exe function, 52 bytes"
004341B3,FUN_004341b3,"souls.exe function, 80 bytes"
00434203,FUN_00434203,"souls.exe function, 43 bytes"
0043422E,ChangeSkinDialog,"Skin-change dialog: picks a new skin, updates hero+0x35 and reloads the body"
004343E0,FUN_004343e0,"souls.exe function, 8 bytes"
004343F2,FUN_004343f2,"souls.exe function, 11 bytes"
004343FD,FUN_004343fd,"souls.exe function, 170 bytes"
004344A7,FUN_004344a7,"souls.exe function, 14 bytes"
004344B5,FUN_004344b5,"souls.exe function, 14 bytes"
004344C3,FUN_004344c3,"souls.exe function, 14 bytes"
004344D1,FUN_004344d1,"souls.exe function, 14 bytes"
004344DF,FUN_004344df,"souls.exe function, 14 bytes"
004344ED,FUN_004344ed,"souls.exe function, 14 bytes"
004344FB,FUN_004344fb,"souls.exe function, 14 bytes"
00434509,FUN_00434509,"souls.exe function, 14 bytes"
00434517,FUN_00434517,"souls.exe function, 14 bytes"
00434525,FUN_00434525,"souls.exe function, 14 bytes"
00434533,FUN_00434533,"souls.exe function, 14 bytes"
00434541,FUN_00434541,"souls.exe function, 11 bytes"
0043454C,FUN_0043454c,"souls.exe function, 11 bytes"
00434557,FUN_00434557,"souls.exe function, 11 bytes"
0043456C,FUN_0043456c,"souls.exe function, 8 bytes"
00434574,FUN_00434574,"souls.exe function, 482 bytes"
00434756,FUN_00434756,"souls.exe function, 1870 bytes"
004347D6,FUN_004347d6,"souls.exe function, 11 bytes"
00434EB9,FUN_00434eb9,"souls.exe function, 107 bytes"
00434F24,FUN_00434f24,"souls.exe function, 14 bytes"
00434F32,FUN_00434f32,"souls.exe function, 14 bytes"
00434F40,FUN_00434f40,"souls.exe function, 14 bytes"
00434F4E,FUN_00434f4e,"souls.exe function, 14 bytes"
00434F5C,FUN_00434f5c,"souls.exe function, 14 bytes"
00434F6A,FUN_00434f6a,"souls.exe function, 14 bytes"
00434F78,FUN_00434f78,"souls.exe function, 11 bytes"
00434F8D,FUN_00434f8d,"souls.exe function, 8 bytes"
00434F95,PlaceYourselfPicker,The Place Yourself On Gaiea manual map/position picker
00435602,FUN_00435602,"souls.exe function, 8 bytes"
004358D8,FUN_004358d8,"souls.exe function, 11 bytes"
004366A3,FUN_004366a3,"souls.exe function, 8 bytes"
004366B5,FUN_004366b5,"souls.exe function, 11 bytes"
004366C0,FUN_004366c0,"souls.exe function, 62 bytes"
004366FE,FUN_004366fe,"souls.exe function, 14 bytes"
0043670C,FUN_0043670c,"souls.exe function, 14 bytes"
00436724,FUN_00436724,"souls.exe function, 8 bytes"
00436B03,BitLength,floor(log2(n))+1
00436B15,PartyLevelBitlen,bitlen(party[0].+0xA04) - 3 clamped at 0: the party level used by the encounter roll
00436C9D,FleeTest,Flee success test used by the Flee button
00436F05,FUN_00436f05,"souls.exe function, 188 bytes"
00436FC1,PlayMidi,Plays a MIDI file (MUSIC opcode; empty name or missing file = silence)
00436FFC,SwitchMap,"Actual map switch: sets DAT_004e70b4, picks the music.ini midi<N>, calls FUN_00436fc1"
004370F5,FUN_004370f5,"souls.exe function, 111 bytes"
00437164,FUN_00437164,"souls.exe function, 150 bytes"
00437461,FUN_00437461,"souls.exe function, 91 bytes"
00437589,FUN_00437589,"souls.exe function, 294 bytes"
004376AF,FUN_004376af,"souls.exe function, 11 bytes"
004376BA,FUN_004376ba,"souls.exe function, 11 bytes"
004376C5,FUN_004376c5,"souls.exe function, 11 bytes"
004376DA,FUN_004376da,"souls.exe function, 11 bytes"
004376E5,FUN_004376e5,"souls.exe function, 149 bytes"
0043777A,FUN_0043777a,"souls.exe function, 99 bytes"
004377DD,FUN_004377dd,"souls.exe function, 123 bytes"
00437858,FUN_00437858,"souls.exe function, 89 bytes"
004378B1,FUN_004378b1,"souls.exe function, 283 bytes"
004379CC,FUN_004379cc,"souls.exe function, 88 bytes"
00437A24,FUN_00437a24,"souls.exe function, 241 bytes"
00437B15,FUN_00437b15,"souls.exe function, 224 bytes"
00437BF5,FUN_00437bf5,"souls.exe function, 137 bytes"
00437C7E,FUN_00437c7e,"souls.exe function, 58 bytes"
00437CB8,FUN_00437cb8,"souls.exe function, 2252 bytes"
00438584,FUN_00438584,"souls.exe function, 251 bytes"
004387BF,FUN_004387bf,"souls.exe function, 174 bytes"
0043886D,FUN_0043886d,"souls.exe function, 8 bytes"
0043887F,FUN_0043887f,"souls.exe function, 8 bytes"
0043891C,FUN_0043891c,"souls.exe function, 59 bytes"
00438A0D,FUN_00438a0d,"souls.exe function, 182 bytes"
00438ACD,FUN_00438acd,"souls.exe function, 8 bytes"
00438AD5,FUN_00438ad5,"souls.exe function, 41 bytes"
00438B08,FUN_00438b08,"souls.exe function, 8 bytes"
00438B36,FUN_00438b36,"souls.exe function, 109 bytes"
00438BA3,FUN_00438ba3,"souls.exe function, 98 bytes"
00438C05,BioIniAccess,"Bio INI at %s\bio\%s\%08X_%s.ini (keys serNum,className,levelName,worldLocation,skin)"
00438E58,FUN_00438e58,"souls.exe function, 54 bytes"
00438E8E,SoloWorldStepper,Solo stepper run after a world is chosen (world-load handshake)
00439195,FUN_00439195,"souls.exe function, 1113 bytes"
004395EE,FUN_004395ee,"souls.exe function, 202 bytes"
004396B8,FUN_004396b8,"souls.exe function, 126 bytes"
00439736,FUN_00439736,"souls.exe function, 86 bytes"
0043978C,FUN_0043978c,"souls.exe function, 50 bytes"
004397BE,FUN_004397be,"souls.exe function, 26 bytes"
004397D8,FUN_004397d8,"souls.exe function, 77 bytes"
00439825,FUN_00439825,"souls.exe function, 50 bytes"
004398B1,FUN_004398b1,"souls.exe function, 22 bytes"
004398C7,FUN_004398c7,"souls.exe function, 16 bytes"
004398D7,FUN_004398d7,"souls.exe function, 18 bytes"
00439995,FUN_00439995,"souls.exe function, 1252 bytes"
00439E81,FUN_00439e81,"souls.exe function, 8 bytes"
00439E91,FUN_00439e91,"souls.exe function, 8 bytes"
00439EAB,FUN_00439eab,"souls.exe function, 8 bytes"
00439F7A,Offer2TwoArg,"OFFER2 with two numeric args (min/max level, no class filter)"
0043A0F5,FUN_0043a0f5,"souls.exe function, 32 bytes"
0043A115,FUN_0043a115,"souls.exe function, 44 bytes"
0043A141,FUN_0043a141,"souls.exe function, 200 bytes"
0043A209,FUN_0043a209,"souls.exe function, 756 bytes"
0043A4FD,FUN_0043a4fd,"souls.exe function, 48 bytes"
0043A52D,FUN_0043a52d,"souls.exe function, 32 bytes"
0043A54D,FUN_0043a54d,"souls.exe function, 757 bytes"
0043A842,FUN_0043a842,"souls.exe function, 92 bytes"
0043A8A8,FUN_0043a8a8,"souls.exe function, 11 bytes"
0043A8B3,FUN_0043a8b3,"souls.exe function, 89 bytes"
0043A90C,FUN_0043a90c,"souls.exe function, 14 bytes"
0043A91A,FUN_0043a91a,"souls.exe function, 14 bytes"
0043A928,FUN_0043a928,"souls.exe function, 14 bytes"
0043A936,FUN_0043a936,"souls.exe function, 14 bytes"
0043A944,FUN_0043a944,"souls.exe function, 11 bytes"
0043A959,FUN_0043a959,"souls.exe function, 8 bytes"
0043A98C,FUN_0043a98c,"souls.exe function, 1 bytes"
0043A98D,FUN_0043a98d,"souls.exe function, 1 bytes"
0043A98E,FUN_0043a98e,"souls.exe function, 16 bytes"
0043A99E,RecomputeMaxHP,Recomputes the hero's max HP (called with 800000 at soul creation)
0043A9BE,FUN_0043a9be,"souls.exe function, 73 bytes"
0043AA07,FUN_0043aa07,"souls.exe function, 281 bytes"
0043AB20,FUN_0043ab20,"souls.exe function, 91 bytes"
0043AB7B,FUN_0043ab7b,"souls.exe function, 122 bytes"
0043ABF5,FUN_0043abf5,"souls.exe function, 1288 bytes"
0043B0FD,FUN_0043b0fd,"souls.exe function, 439 bytes"
0043B44C,FUN_0043b44c,"souls.exe function, 87 bytes"
0043B4A3,FUN_0043b4a3,"souls.exe function, 11 bytes"
0043B4B8,FUN_0043b4b8,"souls.exe function, 62 bytes"
0043B4F6,FUN_0043b4f6,"souls.exe function, 14 bytes"
0043B504,FUN_0043b504,"souls.exe function, 11 bytes"
0043B519,FUN_0043b519,"souls.exe function, 8 bytes"
0043B568,FUN_0043b568,"souls.exe function, 22 bytes"
0043B598,FUN_0043b598,"souls.exe function, 255 bytes"
0043B6C0,FUN_0043b6c0,"souls.exe function, 186 bytes"
0043B78C,FUN_0043b78c,"souls.exe function, 67 bytes"
0043B7CF,FUN_0043b7cf,"souls.exe function, 280 bytes"
0043B8E7,FUN_0043b8e7,"souls.exe function, 96 bytes"
0043B947,FUN_0043b947,"souls.exe function, 111 bytes"
0043B9B6,FUN_0043b9b6,"souls.exe function, 51 bytes"
0043B9E9,FUN_0043b9e9,"souls.exe function, 94 bytes"
0043BA62,FUN_0043ba62,"souls.exe function, 43 bytes"
0043BA9E,FUN_0043ba9e,"souls.exe function, 32 bytes"
0043BACF,FUN_0043bacf,"souls.exe function, 32 bytes"
0043BB00,FUN_0043bb00,"souls.exe function, 32 bytes"
0043BB41,FUN_0043bb41,"souls.exe function, 20 bytes"
0043BB55,FUN_0043bb55,"souls.exe function, 53 bytes"
0043BBAE,FUN_0043bbae,"souls.exe function, 35 bytes"
0043BBD1,FUN_0043bbd1,"souls.exe function, 78 bytes"
0043BC1F,FUN_0043bc1f,"souls.exe function, 29 bytes"
0043BC3C,FUN_0043bc3c,"souls.exe function, 9 bytes"
0043BC45,FUN_0043bc45,"souls.exe function, 14 bytes"
0043BC68,FUN_0043bc68,"souls.exe function, 162 bytes"
0043BD0A,FUN_0043bd0a,"souls.exe function, 340 bytes"
0043BE5E,FUN_0043be5e,"souls.exe function, 55 bytes"
0043BE95,FUN_0043be95,"souls.exe function, 35 bytes"
0043BEB8,FUN_0043beb8,"souls.exe function, 54 bytes"
0043BEEE,FUN_0043beee,"souls.exe function, 89 bytes"
0043BF47,FUN_0043bf47,"souls.exe function, 57 bytes"
0043BF80,FUN_0043bf80,"souls.exe function, 15 bytes"
0043BFB0,FUN_0043bfb0,"souls.exe function, 46 bytes"
0043BFDE,FUN_0043bfde,"souls.exe function, 89 bytes"
0043C037,FUN_0043c037,"souls.exe function, 27 bytes"
0043C052,FUN_0043c052,"souls.exe function, 76 bytes"
0043C09E,FUN_0043c09e,"souls.exe function, 73 bytes"
0043C0E7,FUN_0043c0e7,"souls.exe function, 39 bytes"
0043C10E,FUN_0043c10e,"souls.exe function, 23 bytes"
0043C125,FUN_0043c125,"souls.exe function, 15 bytes"
0043C134,FUN_0043c134,"souls.exe function, 69 bytes"
0043C179,FUN_0043c179,"souls.exe function, 107 bytes"
0043C1E4,FUN_0043c1e4,"souls.exe function, 202 bytes"
0043C2E4,FUN_0043c2e4,"souls.exe function, 382 bytes"
0043C462,FUN_0043c462,"souls.exe function, 32 bytes"
0043C482,FUN_0043c482,"souls.exe function, 29 bytes"
0043C49F,FUN_0043c49f,"souls.exe function, 71 bytes"
0043C4E6,FUN_0043c4e6,"souls.exe function, 105 bytes"
0043C54F,FUN_0043c54f,"souls.exe function, 281 bytes"
0043C668,ResetSceneTables,Clears the scene/battle tables with large memsets and resets the scene counters
0043C6D6,FUN_0043c6d6,"souls.exe function, 53 bytes"
0043C70B,FUN_0043c70b,"souls.exe function, 194 bytes"
0043C7CD,FUN_0043c7cd,"souls.exe function, 381 bytes"
0043C94A,FUN_0043c94a,"souls.exe function, 47 bytes"
0043C979,FUN_0043c979,"souls.exe function, 289 bytes"
0043CA9A,FUN_0043ca9a,"souls.exe function, 72 bytes"
0043CAE2,FUN_0043cae2,"souls.exe function, 66 bytes"
0043CB24,FUN_0043cb24,"souls.exe function, 108 bytes"
0043CB90,FUN_0043cb90,"souls.exe function, 89 bytes"
0043CC12,FUN_0043cc12,"souls.exe function, 783 bytes"
0043CF21,FUN_0043cf21,"souls.exe function, 66 bytes"
0043CF63,FUN_0043cf63,"souls.exe function, 237 bytes"
0043D050,FUN_0043d050,"souls.exe function, 98 bytes"
0043D0B2,FUN_0043d0b2,"souls.exe function, 68 bytes"
0043D0F6,FUN_0043d0f6,"souls.exe function, 436 bytes"
0043D2AA,FUN_0043d2aa,"souls.exe function, 33 bytes"
0043D2CB,FUN_0043d2cb,"souls.exe function, 544 bytes"
0043D594,FUN_0043d594,"souls.exe function, 180 bytes"
0043D65B,FUN_0043d65b,"souls.exe function, 237 bytes"
0043D748,FUN_0043d748,"souls.exe function, 28 bytes"
0043D764,FUN_0043d764,"souls.exe function, 143 bytes"
0043D7F3,FUN_0043d7f3,"souls.exe function, 198 bytes"
0043D8B9,FUN_0043d8b9,"souls.exe function, 320 bytes"
0043D9F9,FUN_0043d9f9,"souls.exe function, 774 bytes"
0043DCFF,FUN_0043dcff,"souls.exe function, 39 bytes"
0043DD26,FUN_0043dd26,"souls.exe function, 1516 bytes"
0043E340,FUN_0043e340,"souls.exe function, 18 bytes"
0043E352,FUN_0043e352,"souls.exe function, 41 bytes"
0043E37B,FUN_0043e37b,"souls.exe function, 80 bytes"
0043E3CB,FUN_0043e3cb,"souls.exe function, 92 bytes"
0043E427,FUN_0043e427,"souls.exe function, 31 bytes"
0043E446,FUN_0043e446,"souls.exe function, 33 bytes"
0043E467,FUN_0043e467,"souls.exe function, 46 bytes"
0043E495,FUN_0043e495,"souls.exe function, 6 bytes"
0043E49B,FUN_0043e49b,"souls.exe function, 6 bytes"
0043E4A1,FUN_0043e4a1,"souls.exe function, 16 bytes"
0043E4B1,FUN_0043e4b1,"souls.exe function, 16 bytes"
0043E4C1,FUN_0043e4c1,"souls.exe function, 20 bytes"
0043E4D5,FUN_0043e4d5,"souls.exe function, 35 bytes"
0043E4F8,FUN_0043e4f8,"souls.exe function, 99 bytes"
0043E55B,FUN_0043e55b,"souls.exe function, 27 bytes"
0043E576,FUN_0043e576,"souls.exe function, 76 bytes"
0043E5C2,FUN_0043e5c2,"souls.exe function, 63 bytes"
0043E601,FUN_0043e601,"souls.exe function, 45 bytes"
0043E62E,FUN_0043e62e,"souls.exe function, 47 bytes"
0043E65D,FUN_0043e65d,"souls.exe function, 58 bytes"
0043E697,FUN_0043e697,"souls.exe function, 19 bytes"
0043E6AA,FUN_0043e6aa,"souls.exe function, 39 bytes"
0043E6D1,FUN_0043e6d1,"souls.exe function, 50 bytes"
0043E703,FUN_0043e703,"souls.exe function, 26 bytes"
0043E71D,FUN_0043e71d,"souls.exe function, 19 bytes"
0043E730,FUN_0043e730,"souls.exe function, 30 bytes"
0043E74E,FUN_0043e74e,"souls.exe function, 113 bytes"
0043E7BF,FUN_0043e7bf,"souls.exe function, 35 bytes"
0043E7E2,FUN_0043e7e2,"souls.exe function, 97 bytes"
0043E843,FUN_0043e843,"souls.exe function, 34 bytes"
0043E865,FUN_0043e865,"souls.exe function, 48 bytes"
0043E895,FUN_0043e895,"souls.exe function, 55 bytes"
0043E8CC,FUN_0043e8cc,"souls.exe function, 114 bytes"
0043E93E,FUN_0043e93e,"souls.exe function, 172 bytes"
0043E9EA,FUN_0043e9ea,"souls.exe function, 197 bytes"
0043EAAF,FUN_0043eaaf,"souls.exe function, 231 bytes"
0043EB96,FUN_0043eb96,"souls.exe function, 157 bytes"
0043EC33,FUN_0043ec33,"souls.exe function, 42 bytes"
0043EC62,FUN_0043ec62,"souls.exe function, 905 bytes"
0043EFEB,FUN_0043efeb,"souls.exe function, 67 bytes"
0043F02E,FUN_0043f02e,"souls.exe function, 27 bytes"
0043F049,FUN_0043f049,"souls.exe function, 29 bytes"
0043F066,FUN_0043f066,"souls.exe function, 93 bytes"
0043F0C3,FUN_0043f0c3,"souls.exe function, 2819 bytes"
0043FBC6,FUN_0043fbc6,"souls.exe function, 42 bytes"
0043FBF0,FUN_0043fbf0,"souls.exe function, 446 bytes"
0043FDB8,FUN_0043fdb8,"souls.exe function, 8 bytes"
0043FDC0,FUN_0043fdc0,"souls.exe function, 200 bytes"
0043FE92,FUN_0043fe92,"souls.exe function, 8 bytes"
0043FE9A,FUN_0043fe9a,"souls.exe function, 101 bytes"
0043FEFF,FUN_0043feff,"souls.exe function, 1356 bytes"
00440455,FUN_00440455,"souls.exe function, 8 bytes"
0044045D,FUN_0044045d,"souls.exe function, 1108 bytes"
004408B1,FUN_004408b1,"souls.exe function, 19 bytes"
004408C4,FUN_004408c4,"souls.exe function, 655 bytes"
00440B53,FUN_00440b53,"souls.exe function, 37 bytes"
00440B78,FUN_00440b78,"souls.exe function, 33 bytes"
00440B99,FUN_00440b99,"souls.exe function, 339 bytes"
00440CEC,FUN_00440cec,"souls.exe function, 52 bytes"
00440D20,FUN_00440d20,"souls.exe function, 16 bytes"
00440D30,FUN_00440d30,"souls.exe function, 91 bytes"
00440D8B,FUN_00440d8b,"souls.exe function, 1419 bytes"
00441316,FUN_00441316,"souls.exe function, 370 bytes"
00441488,FUN_00441488,"souls.exe function, 172 bytes"
00441534,FUN_00441534,"souls.exe function, 210 bytes"
00441627,FUN_00441627,"souls.exe function, 1254 bytes"
00441B0D,FUN_00441b0d,"souls.exe function, 77 bytes"
00441B5A,FUN_00441b5a,"souls.exe function, 58 bytes"
00441BB5,TacticsPathBuild,Builds %s\save\%s\savedheroes\%s plus tactics.ini
00441C00,FUN_00441c00,"souls.exe function, 129 bytes"
00441C81,FUN_00441c81,"souls.exe function, 166 bytes"
00441D90,FUN_00441d90,"souls.exe function, 30 bytes"
00441DAE,FUN_00441dae,"souls.exe function, 550 bytes"
00441FE6,FUN_00441fe6,"souls.exe function, 8 bytes"
00441FEE,FUN_00441fee,"souls.exe function, 103 bytes"
0044208F,FUN_0044208f,"souls.exe function, 50 bytes"
004420C1,FUN_004420c1,"souls.exe function, 66 bytes"
00442103,FUN_00442103,"souls.exe function, 68 bytes"
00442147,FUN_00442147,"souls.exe function, 431 bytes"
004422F6,FUN_004422f6,"souls.exe function, 776 bytes"
004425FE,FUN_004425fe,"souls.exe function, 852 bytes"
00442952,FUN_00442952,"souls.exe function, 18 bytes"
00442964,FUN_00442964,"souls.exe function, 116 bytes"
004429D8,FUN_004429d8,"souls.exe function, 141 bytes"
00442A65,FUN_00442a65,"souls.exe function, 50 bytes"
00442A97,FUN_00442a97,"souls.exe function, 61 bytes"
00442AD4,FUN_00442ad4,"souls.exe function, 135 bytes"
00442B5B,FUN_00442b5b,"souls.exe function, 113 bytes"
00442BCC,FUN_00442bcc,"souls.exe function, 115 bytes"
00442C3F,FUN_00442c3f,"souls.exe function, 708 bytes"
00442F03,FUN_00442f03,"souls.exe function, 905 bytes"
00443296,FUN_00443296,"souls.exe function, 8 bytes"
0044330D,FUN_0044330d,"souls.exe function, 198 bytes"
004433E5,FUN_004433e5,"souls.exe function, 8 bytes"
004433ED,FUN_004433ed,"souls.exe function, 44 bytes"
00443419,FUN_00443419,"souls.exe function, 234 bytes"
00443503,FUN_00443503,"souls.exe function, 113 bytes"
00443574,FUN_00443574,"souls.exe function, 40 bytes"
0044359C,FUN_0044359c,"souls.exe function, 44 bytes"
004435C8,FUN_004435c8,"souls.exe function, 110 bytes"
00443636,FUN_00443636,"souls.exe function, 111 bytes"
004436A5,FUN_004436a5,"souls.exe function, 62 bytes"
004436E3,FUN_004436e3,"souls.exe function, 96 bytes"
00443743,FUN_00443743,"souls.exe function, 214 bytes"
00443819,FUN_00443819,"souls.exe function, 133 bytes"
0044389E,FUN_0044389e,"souls.exe function, 139 bytes"
00443929,FUN_00443929,"souls.exe function, 497 bytes"
00443B1A,FUN_00443b1a,"souls.exe function, 42 bytes"
00443B44,FUN_00443b44,"souls.exe function, 158 bytes"
00443BE2,FUN_00443be2,"souls.exe function, 833 bytes"
00443F23,FUN_00443f23,"souls.exe function, 650 bytes"
004441AD,FUN_004441ad,"souls.exe function, 563 bytes"
004443E0,FUN_004443e0,"souls.exe function, 104 bytes"
00444448,FUN_00444448,"souls.exe function, 67 bytes"
0044448B,FUN_0044448b,"souls.exe function, 128 bytes"
0044450B,FUN_0044450b,"souls.exe function, 48 bytes"
0044453B,FUN_0044453b,"souls.exe function, 153 bytes"
004445D4,FUN_004445d4,"souls.exe function, 49 bytes"
00444605,FUN_00444605,"souls.exe function, 39 bytes"
0044462C,FUN_0044462c,"souls.exe function, 206 bytes"
004446FA,FUN_004446fa,"souls.exe function, 54 bytes"
00444730,FUN_00444730,"souls.exe function, 62 bytes"
0044476E,FUN_0044476e,"souls.exe function, 196 bytes"
00444832,FUN_00444832,"souls.exe function, 402 bytes"
004449C4,FUN_004449c4,"souls.exe function, 409 bytes"
00444B5D,FUN_00444b5d,"souls.exe function, 414 bytes"
00444CFB,FUN_00444cfb,"souls.exe function, 105 bytes"
00444D64,FUN_00444d64,"souls.exe function, 755 bytes"
00445057,FUN_00445057,"souls.exe function, 81 bytes"
004450A8,FUN_004450a8,"souls.exe function, 19 bytes"
004450BB,FUN_004450bb,"souls.exe function, 23 bytes"
004450D2,FUN_004450d2,"souls.exe function, 16 bytes"
004450E2,FUN_004450e2,"souls.exe function, 44 bytes"
0044510E,FUN_0044510e,"souls.exe function, 169 bytes"
004451B7,FUN_004451b7,"souls.exe function, 51 bytes"
004451EA,FUN_004451ea,"souls.exe function, 21 bytes"
004451FF,FUN_004451ff,"souls.exe function, 13 bytes"
0044520C,FUN_0044520c,"souls.exe function, 54 bytes"
00445242,FUN_00445242,"souls.exe function, 1094 bytes"
00445688,FUN_00445688,"souls.exe function, 58 bytes"
004456C2,FUN_004456c2,"souls.exe function, 54 bytes"
004456F8,FUN_004456f8,"souls.exe function, 86 bytes"
0044574E,FUN_0044574e,"souls.exe function, 43 bytes"
00445779,FUN_00445779,"souls.exe function, 31 bytes"
00445798,FUN_00445798,"souls.exe function, 1921 bytes"
00445F19,FUN_00445f19,"souls.exe function, 105 bytes"
00445F82,FUN_00445f82,"souls.exe function, 53 bytes"
00445FB7,FUN_00445fb7,"souls.exe function, 53 bytes"
00445FEC,FUN_00445fec,"souls.exe function, 1651 bytes"
0044665F,FUN_0044665f,"souls.exe function, 11 bytes"
0044666A,FUN_0044666a,"souls.exe function, 29 bytes"
00446687,FUN_00446687,"souls.exe function, 209 bytes"
00446758,FUN_00446758,"souls.exe function, 295 bytes"
004468C2,FUN_004468c2,"souls.exe function, 73 bytes"
0044695D,FUN_0044695d,"souls.exe function, 60 bytes"
00446999,FUN_00446999,"souls.exe function, 113 bytes"
00446A0A,FUN_00446a0a,"souls.exe function, 197 bytes"
00446ACF,FUN_00446acf,"souls.exe function, 313 bytes"
00446C08,FUN_00446c08,"souls.exe function, 48 bytes"
00446C5C,FUN_00446c5c,"souls.exe function, 123 bytes"
00446CD7,FUN_00446cd7,"souls.exe function, 498 bytes"
00446EC9,FUN_00446ec9,"souls.exe function, 174 bytes"
00446F77,FUN_00446f77,"souls.exe function, 985 bytes"
00447410,FUN_00447410,"souls.exe function, 33 bytes"
00447431,FUN_00447431,"souls.exe function, 278 bytes"
004475F9,FUN_004475f9,"souls.exe function, 100 bytes"
00447748,FUN_00447748,"souls.exe function, 124 bytes"
004477C4,FUN_004477c4,"souls.exe function, 196 bytes"
00447888,FUN_00447888,"souls.exe function, 72 bytes"
004478D0,FUN_004478d0,"souls.exe function, 233 bytes"
004479B9,FUN_004479b9,"souls.exe function, 505 bytes"
00447BB2,FUN_00447bb2,"souls.exe function, 102 bytes"
00447C18,FUN_00447c18,"souls.exe function, 273 bytes"
00447D29,SceneTickRand,"Called by SceneTick: one unconditional rand, then work gated on FUN_0043E467 (no further rand offline)"
00447E24,FUN_00447e24,"souls.exe function, 123 bytes"
00447E9F,FUN_00447e9f,"souls.exe function, 828 bytes"
004481EF,FUN_004481ef,"souls.exe function, 136 bytes"
004482BB,FUN_004482bb,"souls.exe function, 94 bytes"
00448319,FUN_00448319,"souls.exe function, 14 bytes"
00448327,FUN_00448327,"souls.exe function, 11 bytes"
00448332,FUN_00448332,"souls.exe function, 11 bytes"
00448347,FUN_00448347,"souls.exe function, 8 bytes"
00448375,FUN_00448375,"souls.exe function, 48 bytes"
004483A6,FUN_004483a6,"souls.exe function, 2178 bytes"
00448C28,FUN_00448c28,"souls.exe function, 8 bytes"
00448C3A,FUN_00448c3a,"souls.exe function, 8 bytes"
00448C42,FUN_00448c42,"souls.exe function, 168 bytes"
00448CF4,FUN_00448cf4,"souls.exe function, 8 bytes"
00448CFC,FUN_00448cfc,"souls.exe function, 242 bytes"
00448E0F,Dlg149Ctor,CDialog ctor for resource 149/0x95 (post-creation follow-up panel)
00448F2A,FUN_00448f2a,"souls.exe function, 94 bytes"
00448F88,FUN_00448f88,"souls.exe function, 14 bytes"
00448F96,FUN_00448f96,"souls.exe function, 11 bytes"
00448FA1,FUN_00448fa1,"souls.exe function, 11 bytes"
00448FB6,FUN_00448fb6,"souls.exe function, 8 bytes"
00448FD3,FUN_00448fd3,"souls.exe function, 51 bytes"
00449006,FUN_00449006,"souls.exe function, 318 bytes"
00449144,FUN_00449144,"souls.exe function, 492 bytes"
004496E7,FUN_004496e7,"souls.exe function, 247 bytes"
004497DE,FUN_004497de,"souls.exe function, 107 bytes"
00449851,AbilityPointsOnOK,"Dialog 149 OK: unapplied points -> Sage 'apply the rest randomly?' Yes -> FUN_00449BD6"
0044987D,FUN_0044987d,"souls.exe function, 33 bytes"
004499F0,FUN_004499f0,"souls.exe function, 13 bytes"
004499FD,FUN_004499fd,"souls.exe function, 13 bytes"
00449A0A,FUN_00449a0a,"souls.exe function, 214 bytes"
00449A17,CheatDetectHandler,Tamper/integrity failure handler: sets the cheat flag at DAT_004e4890 and latches a message
00449A49,FUN_00449a49,"souls.exe function, 89 bytes"
00449AA2,CheckAbilityIntegrity,"Integrity hash of the 5 base abilities, stored at hero+0xABC"
00449B16,CheckElementPPIntegrity,Integrity hash of the 8 per-element max PP at hero+0x6CC
00449B76,CheckHandPPIntegrity,Integrity hash of the 8 per-hand max PP at hero+0x6FC
00449BD6,AbilityPointsRandom,"Spends remaining ability points with rand()%5 picks, capped at 1000 tries"
00449D2A,FUN_00449d2a,"souls.exe function, 200 bytes"
00449DF2,FUN_00449df2,"souls.exe function, 29 bytes"
00449E0F,FUN_00449e0f,"souls.exe function, 40 bytes"
00449E37,CreateObject,"souls.exe function, 77 bytes"
00449EA3,FUN_00449ea3,"souls.exe function, 164 bytes"
00449FB5,FUN_00449fb5,"souls.exe function, 30 bytes"
00449FD3,FUN_00449fd3,"souls.exe function, 100 bytes"
0044A037,FUN_0044a037,"souls.exe function, 14 bytes"
0044A045,FUN_0044a045,"souls.exe function, 14 bytes"
0044A053,FUN_0044a053,"souls.exe function, 14 bytes"
0044A061,FUN_0044a061,"souls.exe function, 11 bytes"
0044A076,FUN_0044a076,"souls.exe function, 8 bytes"
0044A07E,FUN_0044a07e,"souls.exe function, 83 bytes"
0044A0DE,FUN_0044a0de,"souls.exe function, 418 bytes"
0044A28D,FUN_0044a28d,"souls.exe function, 179 bytes"
0044A340,FUN_0044a340,"souls.exe function, 47 bytes"
0044A36F,FUN_0044a36f,"souls.exe function, 8 bytes"
0044A389,FUN_0044a389,"souls.exe function, 689 bytes"
0044A63A,FUN_0044a63a,"souls.exe function, 1238 bytes"
0044AB10,FUN_0044ab10,"souls.exe function, 81 bytes"
0044AB61,FUN_0044ab61,"souls.exe function, 1137 bytes"
0044B011,FUN_0044b011,"souls.exe function, 462 bytes"
0044B29B,FUN_0044b29b,"souls.exe function, 332 bytes"
0044B4DB,FUN_0044b4db,"souls.exe function, 166 bytes"
0044B581,FUN_0044b581,"souls.exe function, 14 bytes"
0044B58F,FUN_0044b58f,"souls.exe function, 14 bytes"
0044B59D,FUN_0044b59d,"souls.exe function, 14 bytes"
0044B5AB,FUN_0044b5ab,"souls.exe function, 14 bytes"
0044B5B9,FUN_0044b5b9,"souls.exe function, 14 bytes"
0044B5C7,FUN_0044b5c7,"souls.exe function, 14 bytes"
0044B5D5,FUN_0044b5d5,"souls.exe function, 14 bytes"
0044B5E3,FUN_0044b5e3,"souls.exe function, 11 bytes"
0044B5EE,FUN_0044b5ee,"souls.exe function, 11 bytes"
0044B5F9,FUN_0044b5f9,"souls.exe function, 11 bytes"
0044B604,FUN_0044b604,"souls.exe function, 11 bytes"
0044B619,FUN_0044b619,"souls.exe function, 8 bytes"
0044B6A6,FUN_0044b6a6,"souls.exe function, 139 bytes"
0044B73B,FUN_0044b73b,"souls.exe function, 8 bytes"
0044B743,FUN_0044b743,"souls.exe function, 54 bytes"
0044B779,FUN_0044b779,"souls.exe function, 11 bytes"
0044B78E,FUN_0044b78e,"souls.exe function, 8 bytes"
0044B82F,FUN_0044b82f,"souls.exe function, 17 bytes"
0044B840,FUN_0044b840,"souls.exe function, 119 bytes"
0044B8B7,FUN_0044b8b7,"souls.exe function, 22 bytes"
0044B8CD,FUN_0044b8cd,"souls.exe function, 68 bytes"
0044B911,FUN_0044b911,"souls.exe function, 33 bytes"
0044B932,FUN_0044b932,"souls.exe function, 141 bytes"
0044B9BF,FUN_0044b9bf,"souls.exe function, 30 bytes"
0044B9DD,FUN_0044b9dd,"souls.exe function, 37 bytes"
0044BA02,FUN_0044ba02,"souls.exe function, 55 bytes"
0044BA39,FUN_0044ba39,"souls.exe function, 402 bytes"
0044C1D4,FUN_0044c1d4,"souls.exe function, 73 bytes"
0044C21D,FUN_0044c21d,"souls.exe function, 676 bytes"
0044C468,FUN_0044c468,"souls.exe function, 8 bytes"
0044C470,FUN_0044c470,"souls.exe function, 8 bytes"
0044C4D1,FUN_0044c4d1,"souls.exe function, 11 bytes"
0044C4E6,FUN_0044c4e6,"souls.exe function, 8 bytes"
0044C4EE,FUN_0044c4ee,"souls.exe function, 54 bytes"
0044C524,FUN_0044c524,"souls.exe function, 14 bytes"
0044C53C,FUN_0044c53c,"souls.exe function, 8 bytes"
0044C544,FUN_0044c544,"souls.exe function, 423 bytes"
0044C6F5,FUN_0044c6f5,"souls.exe function, 8 bytes"
0044C7CB,FUN_0044c7cb,"souls.exe function, 64 bytes"
0044C80B,FUN_0044c80b,"souls.exe function, 67 bytes"
0044C84E,FUN_0044c84e,"souls.exe function, 503 bytes"
0044CA45,FUN_0044ca45,"souls.exe function, 1158 bytes"
0044CE50,FUN_0044ce50,"souls.exe function, 8 bytes"
0044CE58,FUN_0044ce58,"souls.exe function, 8 bytes"
0044CE6A,FUN_0044ce6a,"souls.exe function, 8 bytes"
0044CEEE,FUN_0044ceee,"souls.exe function, 560 bytes"
0044D11E,FUN_0044d11e,"souls.exe function, 695 bytes"
0044D3D5,FUN_0044d3d5,"souls.exe function, 8 bytes"
0044D3DD,FUN_0044d3dd,"souls.exe function, 8 bytes"
0044D3E5,FUN_0044d3e5,"souls.exe function, 11 bytes"
0044D3FA,FUN_0044d3fa,"souls.exe function, 8 bytes"
0044D402,FUN_0044d402,"souls.exe function, 43 bytes"
0044D42D,FUN_0044d42d,"souls.exe function, 950 bytes"
0044D7E3,FUN_0044d7e3,"souls.exe function, 61 bytes"
0044D820,FUN_0044d820,"souls.exe function, 67 bytes"
0044D9E2,FUN_0044d9e2,"souls.exe function, 41 bytes"
0044DA15,FUN_0044da15,"souls.exe function, 8 bytes"
0044DA1D,FUN_0044da1d,"souls.exe function, 271 bytes"
0044DBFF,FUN_0044dbff,"souls.exe function, 130 bytes"
0044DC81,FUN_0044dc81,"souls.exe function, 14 bytes"
0044DC8F,FUN_0044dc8f,"souls.exe function, 14 bytes"
0044DC9D,FUN_0044dc9d,"souls.exe function, 14 bytes"
0044DCAB,FUN_0044dcab,"souls.exe function, 14 bytes"
0044DCB9,FUN_0044dcb9,"souls.exe function, 14 bytes"
0044DCC7,FUN_0044dcc7,"souls.exe function, 14 bytes"
0044DCD5,FUN_0044dcd5,"souls.exe function, 11 bytes"
0044DCEA,FUN_0044dcea,"souls.exe function, 8 bytes"
0044DDEA,FUN_0044ddea,"souls.exe function, 46 bytes"
0044DE18,PartyOwnsItem,"Does the party own item id N (searches the bag at party+0x76C, ids 1..0xFFF)"
0044DE69,FUN_0044de69,"souls.exe function, 529 bytes"
0044E07A,FUN_0044e07a,"souls.exe function, 433 bytes"
0044E3BD,FUN_0044e3bd,"souls.exe function, 396 bytes"
0044E58C,FUN_0044e58c,"souls.exe function, 33 bytes"
0044E703,FUN_0044e703,"souls.exe function, 74 bytes"
0044E781,FUN_0044e781,"souls.exe function, 99 bytes"
0044E801,FUN_0044e801,"souls.exe function, 77 bytes"
0044E84E,FUN_0044e84e,"souls.exe function, 11 bytes"
0044E863,FUN_0044e863,"souls.exe function, 8 bytes"
0044E88C,FUN_0044e88c,"souls.exe function, 302 bytes"
0044EAB1,FUN_0044eab1,"souls.exe function, 139 bytes"
0044EB3C,FUN_0044eb3c,"souls.exe function, 14 bytes"
0044EB4A,FUN_0044eb4a,"souls.exe function, 14 bytes"
0044EB58,FUN_0044eb58,"souls.exe function, 14 bytes"
0044EB66,FUN_0044eb66,"souls.exe function, 14 bytes"
0044EB74,FUN_0044eb74,"souls.exe function, 14 bytes"
0044EB82,FUN_0044eb82,"souls.exe function, 14 bytes"
0044EB90,FUN_0044eb90,"souls.exe function, 14 bytes"
0044EB9E,FUN_0044eb9e,"souls.exe function, 11 bytes"
0044EBB3,FUN_0044ebb3,"souls.exe function, 8 bytes"
0044EC52,FUN_0044ec52,"souls.exe function, 48 bytes"
0044ECA4,FUN_0044eca4,"souls.exe function, 29 bytes"
0044ECC1,FUN_0044ecc1,"souls.exe function, 44 bytes"
0044ED11,FUN_0044ed11,"souls.exe function, 59 bytes"
0044ED4C,FUN_0044ed4c,"souls.exe function, 53 bytes"
0044ED81,FUN_0044ed81,"souls.exe function, 652 bytes"
0044F017,FUN_0044f017,"souls.exe function, 8 bytes"
0044F01F,FUN_0044f01f,"souls.exe function, 92 bytes"
0044F07B,FUN_0044f07b,"souls.exe function, 224 bytes"
0044F15B,FUN_0044f15b,"souls.exe function, 321 bytes"
0044F2D8,FUN_0044f2d8,"souls.exe function, 159 bytes"
0044F3DD,FUN_0044f3dd,"souls.exe function, 103 bytes"
0044F444,FUN_0044f444,"souls.exe function, 14 bytes"
0044F452,FUN_0044f452,"souls.exe function, 14 bytes"
0044F460,FUN_0044f460,"souls.exe function, 14 bytes"
0044F46E,FUN_0044f46e,"souls.exe function, 14 bytes"
0044F486,FUN_0044f486,"souls.exe function, 8 bytes"
0044F66D,FUN_0044f66d,"souls.exe function, 95 bytes"
0044F6EE,FUN_0044f6ee,"souls.exe function, 35 bytes"
0044F711,FUN_0044f711,"souls.exe function, 504 bytes"
0044F836,FUN_0044f836,"souls.exe function, 8 bytes"
0044F911,FUN_0044f911,"souls.exe function, 8 bytes"
0044F923,FUN_0044f923,"souls.exe function, 11 bytes"
0044F96F,FUN_0044f96f,"souls.exe function, 219 bytes"
0044FA4A,FUN_0044fa4a,"souls.exe function, 35 bytes"
0044FA6D,FUN_0044fa6d,"souls.exe function, 463 bytes"
0044FC2B,FUN_0044fc2b,"souls.exe function, 8 bytes"
0044FC33,FUN_0044fc33,"souls.exe function, 8 bytes"
0044FC56,FUN_0044fc56,"souls.exe function, 11 bytes"
0044FC61,FUN_0044fc61,"souls.exe function, 79 bytes"
0044FCB0,FUN_0044fcb0,"souls.exe function, 112 bytes"
0044FD6F,FUN_0044fd6f,"souls.exe function, 636 bytes"
0045024F,FUN_0045024f,"souls.exe function, 274 bytes"
00450361,FUN_00450361,"souls.exe function, 14 bytes"
0045036F,FUN_0045036f,"souls.exe function, 14 bytes"
0045037D,FUN_0045037d,"souls.exe function, 14 bytes"
0045038B,FUN_0045038b,"souls.exe function, 14 bytes"
00450399,FUN_00450399,"souls.exe function, 14 bytes"
004503A7,FUN_004503a7,"souls.exe function, 14 bytes"
004503B5,FUN_004503b5,"souls.exe function, 14 bytes"
004503C3,FUN_004503c3,"souls.exe function, 14 bytes"
004503D1,FUN_004503d1,"souls.exe function, 14 bytes"
004503DF,FUN_004503df,"souls.exe function, 14 bytes"
004503ED,FUN_004503ed,"souls.exe function, 14 bytes"
004503FB,FUN_004503fb,"souls.exe function, 14 bytes"
00450409,FUN_00450409,"souls.exe function, 14 bytes"
00450417,FUN_00450417,"souls.exe function, 14 bytes"
00450425,FUN_00450425,"souls.exe function, 14 bytes"
00450433,FUN_00450433,"souls.exe function, 14 bytes"
00450441,FUN_00450441,"souls.exe function, 14 bytes"
0045044F,FUN_0045044f,"souls.exe function, 14 bytes"
0045045D,FUN_0045045d,"souls.exe function, 11 bytes"
00450468,FUN_00450468,"souls.exe function, 11 bytes"
00450473,FUN_00450473,"souls.exe function, 11 bytes"
0045047E,FUN_0045047e,"souls.exe function, 11 bytes"
00450489,FUN_00450489,"souls.exe function, 11 bytes"
0045049E,FUN_0045049e,"souls.exe function, 8 bytes"
004506C1,FUN_004506c1,"souls.exe function, 120 bytes"
0045075D,FUN_0045075d,"souls.exe function, 483 bytes"
00450950,FUN_00450950,"souls.exe function, 60 bytes"
00450DBC,FUN_00450dbc,"souls.exe function, 36 bytes"
00450DE0,FUN_00450de0,"souls.exe function, 139 bytes"
00450E6B,FUN_00450e6b,"souls.exe function, 41 bytes"
00450E94,FUN_00450e94,"souls.exe function, 4166 bytes"
0045131D,FUN_0045131d,"souls.exe function, 8 bytes"
00451325,FUN_00451325,"souls.exe function, 8 bytes"
0045132D,FUN_0045132d,"souls.exe function, 8 bytes"
0045190E,FUN_0045190e,"souls.exe function, 8 bytes"
00451EFA,FUN_00451efa,"souls.exe function, 8 bytes"
00451F0C,FUN_00451f0c,"souls.exe function, 8 bytes"
00451F14,FUN_00451f14,"souls.exe function, 457 bytes"
004520DD,FUN_004520dd,"souls.exe function, 8 bytes"
004520E5,FUN_004520e5,"souls.exe function, 8 bytes"
004520ED,FUN_004520ed,"souls.exe function, 8 bytes"
004520FF,FUN_004520ff,"souls.exe function, 8 bytes"
00452107,FUN_00452107,"souls.exe function, 481 bytes"
004522E8,FUN_004522e8,"souls.exe function, 196 bytes"
00452419,FUN_00452419,"souls.exe function, 500 bytes"
0045260D,FUN_0045260d,"souls.exe function, 92 bytes"
00452669,FUN_00452669,"souls.exe function, 166 bytes"
0045270F,FUN_0045270f,"souls.exe function, 23 bytes"
00452726,FUN_00452726,"souls.exe function, 68 bytes"
0045276A,FUN_0045276a,"souls.exe function, 1662 bytes"
00452DF0,FUN_00452df0,"souls.exe function, 407 bytes"
00452FA4,FUN_00452fa4,"souls.exe function, 343 bytes"
00453177,FUN_00453177,"souls.exe function, 324 bytes"
004532F7,FUN_004532f7,"souls.exe function, 259 bytes"
0045340C,FUN_0045340c,"souls.exe function, 8 bytes"
00453448,FUN_00453448,"souls.exe function, 32 bytes"
00453468,FUN_00453468,"souls.exe function, 59 bytes"
004534A3,FUN_004534a3,"souls.exe function, 58 bytes"
004534DD,FUN_004534dd,"souls.exe function, 75 bytes"
00453528,FUN_00453528,"souls.exe function, 58 bytes"
00453562,FUN_00453562,"souls.exe function, 105 bytes"
004535CB,FUN_004535cb,"souls.exe function, 60 bytes"
00453607,FUN_00453607,"souls.exe function, 281 bytes"
00453768,FUN_00453768,"souls.exe function, 11 bytes"
00453773,FUN_00453773,"souls.exe function, 72 bytes"
004537BB,FUN_004537bb,"souls.exe function, 51 bytes"
004537EE,FUN_004537ee,"souls.exe function, 61 bytes"
0045382B,FUN_0045382b,"souls.exe function, 92 bytes"
00453887,FUN_00453887,"souls.exe function, 429 bytes"
00453A34,FUN_00453a34,"souls.exe function, 182 bytes"
00453AEA,FUN_00453aea,"souls.exe function, 232 bytes"
00453BD2,FUN_00453bd2,"souls.exe function, 63 bytes"
00453C2B,FUN_00453c2b,"souls.exe function, 88 bytes"
00453CC3,FUN_00453cc3,"souls.exe function, 64 bytes"
00453D0D,FUN_00453d0d,"souls.exe function, 8 bytes"
00453D21,FUN_00453d21,"souls.exe function, 19 bytes"
00453D34,FUN_00453d34,"souls.exe function, 19 bytes"
00453D47,FUN_00453d47,"souls.exe function, 44 bytes"
00453D73,FUN_00453d73,"souls.exe function, 22 bytes"
00453D89,FUN_00453d89,"souls.exe function, 19 bytes"
00453D9C,FUN_00453d9c,"souls.exe function, 139 bytes"
00453E5A,FUN_00453e5a,"souls.exe function, 94 bytes"
00453EB8,FUN_00453eb8,"souls.exe function, 11 bytes"
00453EC3,FUN_00453ec3,"souls.exe function, 11 bytes"
00453ECE,FUN_00453ece,"souls.exe function, 11 bytes"
00453EE3,FUN_00453ee3,"souls.exe function, 8 bytes"
00453F22,FUN_00453f22,"souls.exe function, 102 bytes"
00453F88,FUN_00453f88,"souls.exe function, 282 bytes"
004540A2,FUN_004540a2,"souls.exe function, 208 bytes"
004541B9,FUN_004541b9,"souls.exe function, 30 bytes"
004541D7,FUN_004541d7,"souls.exe function, 41 bytes"
0045420A,FUN_0045420a,"souls.exe function, 8 bytes"
00454212,FUN_00454212,"souls.exe function, 77 bytes"
0045425F,FUN_0045425f,"souls.exe function, 14 bytes"
0045426D,FUN_0045426d,"souls.exe function, 14 bytes"
0045427B,FUN_0045427b,"souls.exe function, 11 bytes"
00454290,FUN_00454290,"souls.exe function, 8 bytes"
004542B0,FUN_004542b0,"souls.exe function, 511 bytes"
004544AF,FUN_004544af,"souls.exe function, 86 bytes"
00454505,FUN_00454505,"souls.exe function, 87 bytes"
0045467C,FUN_0045467c,"souls.exe function, 47 bytes"
004546C6,FUN_004546c6,"souls.exe function, 31 bytes"
0045470F,FUN_0045470f,"souls.exe function, 181 bytes"
004547C4,FUN_004547c4,"souls.exe function, 388 bytes"
00454948,FUN_00454948,"souls.exe function, 8 bytes"
0045499D,FUN_0045499d,"souls.exe function, 8 bytes"
004549A5,FUN_004549a5,"souls.exe function, 8 bytes"
004549AD,FUN_004549ad,"souls.exe function, 8 bytes"
004549BF,FUN_004549bf,"souls.exe function, 8 bytes"
004549C7,FUN_004549c7,"souls.exe function, 87 bytes"
00454A79,FUN_00454a79,"souls.exe function, 87 bytes"
00454B2B,FUN_00454b2b,"souls.exe function, 129 bytes"
00454BAC,FUN_00454bac,"souls.exe function, 25 bytes"
00454BC5,FUN_00454bc5,"souls.exe function, 25 bytes"
00454BDE,FUN_00454bde,"souls.exe function, 158 bytes"
00454C7C,FUN_00454c7c,"souls.exe function, 610 bytes"
0045508E,FUN_0045508e,"souls.exe function, 196 bytes"
00455152,FUN_00455152,"souls.exe function, 36 bytes"
00455176,FUN_00455176,"souls.exe function, 14 bytes"
00455184,FUN_00455184,"souls.exe function, 21 bytes"
00455199,FUN_00455199,"souls.exe function, 191 bytes"
004552A4,FUN_004552a4,"souls.exe function, 66 bytes"
004552E6,FUN_004552e6,"souls.exe function, 88 bytes"
0045533E,FUN_0045533e,"souls.exe function, 91 bytes"
004553A9,FUN_004553a9,"souls.exe function, 47 bytes"
004553E2,FUN_004553e2,"souls.exe function, 8 bytes"
004553EA,FUN_004553ea,"souls.exe function, 70 bytes"
0045543A,FUN_0045543a,"souls.exe function, 8 bytes"
00455442,FUN_00455442,"souls.exe function, 8 bytes"
0045544A,FUN_0045544a,"souls.exe function, 83 bytes"
004554BA,FUN_004554ba,"souls.exe function, 77 bytes"
00455507,FUN_00455507,"souls.exe function, 11 bytes"
0045551C,FUN_0045551c,"souls.exe function, 8 bytes"
0045553E,FUN_0045553e,"souls.exe function, 48 bytes"
004556E5,FUN_004556e5,"souls.exe function, 108 bytes"
00455751,FUN_00455751,"souls.exe function, 104 bytes"
004557D3,FUN_004557d3,"souls.exe function, 97 bytes"
0045585C,FUN_0045585c,"souls.exe function, 77 bytes"
004558A9,FUN_004558a9,"souls.exe function, 11 bytes"
004558BE,FUN_004558be,"souls.exe function, 8 bytes"
004558E9,FUN_004558e9,"souls.exe function, 37 bytes"
0045590E,FUN_0045590e,"souls.exe function, 415 bytes"
00455AB7,FUN_00455ab7,"souls.exe function, 11 bytes"
00455AC2,FUN_00455ac2,"souls.exe function, 86 bytes"
00455B19,FUN_00455b19,"souls.exe function, 120 bytes"
00455BAB,FUN_00455bab,"souls.exe function, 279 bytes"
00455D92,FUN_00455d92,"souls.exe function, 130 bytes"
00455E14,FUN_00455e14,"souls.exe function, 14 bytes"
00455E22,FUN_00455e22,"souls.exe function, 14 bytes"
00455E30,FUN_00455e30,"souls.exe function, 14 bytes"
00455E3E,FUN_00455e3e,"souls.exe function, 14 bytes"
00455E4C,FUN_00455e4c,"souls.exe function, 14 bytes"
00455E5A,FUN_00455e5a,"souls.exe function, 14 bytes"
00455E68,FUN_00455e68,"souls.exe function, 11 bytes"
00455E7D,FUN_00455e7d,"souls.exe function, 8 bytes"
00455F56,FUN_00455f56,"souls.exe function, 39 bytes"
00455F7D,TacticsDialogRefresh,Refreshes the tactics dialog: reads tactics.ini and sets the title or not-available text
0045607B,FUN_0045607b,"souls.exe function, 126 bytes"
00456109,FUN_00456109,"souls.exe function, 126 bytes"
00456197,FUN_00456197,"souls.exe function, 599 bytes"
00456480,FUN_00456480,"souls.exe function, 28 bytes"
004564AA,FUN_004564aa,"souls.exe function, 127 bytes"
00456533,FUN_00456533,"souls.exe function, 8 bytes"
004565B4,FUN_004565b4,"souls.exe function, 30 bytes"
00456600,FUN_00456600,"souls.exe function, 180 bytes"
004566B4,FUN_004566b4,"souls.exe function, 154 bytes"
00456768,CreateObject,"souls.exe function, 77 bytes"
004567D4,FUN_004567d4,"souls.exe function, 94 bytes"
0045685D,FUN_0045685d,"souls.exe function, 30 bytes"
0045687B,FUN_0045687b,"souls.exe function, 82 bytes"
004568CD,FUN_004568cd,"souls.exe function, 14 bytes"
004568DB,FUN_004568db,"souls.exe function, 11 bytes"
004568F0,FUN_004568f0,"souls.exe function, 8 bytes"
00456907,FUN_00456907,"souls.exe function, 158 bytes"
004569AA,FUN_004569aa,"souls.exe function, 126 bytes"
00456A30,FUN_00456a30,"souls.exe function, 92 bytes"
00456A8C,FUN_00456a8c,"souls.exe function, 21 bytes"
00456AA1,EnvSoundTick,"Per world step (FUN_0041BDB4): fires due theme one-shots, re-arms delay=(period/4 + rand()%(period*2))*1000"
00456B2C,EnvThemeStop,"If a theme is active: FUN_00429CE0 (stop all sounds), clear the flag"
00456B46,EnvThemeInstall,"Stops the active theme, copies the 0x80C table to 0x5EB0E0, loops its sound (mode 2)"
00456B87,EnvThemeAppend,"Appends one one-shot {id,stamp,period,delay=(rand()%(period*2))*1000}; cap 0x80; one rand()"
00456BE1,EnvAppendChirps,"Theme one-shots: chirp1..8 (ids 5..12), period 30"
00456C51,EnvAppendThunder,"Theme 2 one-shots: thunder1..4 (ids 14..17), period 30"
00456C8E,EnvAppendWind,"Theme 3/4 one-shots: wind2..8 (ids 19..25), period 30"
00456CF2,EnvAppendFire,"Theme 7 one-shots: fire1..4 (ids 28..31), period 10"
00456D2F,SetSceneTheme,"Environmental sound theme (gated by enableSFX/enableEnvironmentalSounds/enableSoundCard): world +THEMES override, else built-ins 1..8; THEME opcode 0 = nearest link theme"
00456EB6,EnvThemeTitle,SetSceneTheme(2); called by FrontEndSetState case 0
00456EC1,WorldSoundTheme,World +THEMES override for ids 1..255: loop (if >0) and up to 20 one-shots
00456F23,FUN_00456f23,"souls.exe function, 126 bytes"
00456FE5,`scalar_deleting_destructor',"souls.exe function, 85 bytes"
0045703A,FUN_0045703a,"souls.exe function, 14 bytes"
00457048,FUN_00457048,"souls.exe function, 11 bytes"
0045705D,FUN_0045705d,"souls.exe function, 8 bytes"
0045709F,FUN_0045709f,"souls.exe function, 291 bytes"
004571C2,FUN_004571c2,"souls.exe function, 124 bytes"
00457248,FUN_00457248,"souls.exe function, 8 bytes"
0045725D,FUN_0045725d,"souls.exe function, 122 bytes"
004572D7,FUN_004572d7,"souls.exe function, 229 bytes"
0045743B,FUN_0045743b,"souls.exe function, 112 bytes"
004574AB,FUN_004574ab,"souls.exe function, 14 bytes"
004574B9,FUN_004574b9,"souls.exe function, 14 bytes"
004574C7,FUN_004574c7,"souls.exe function, 14 bytes"
004574D5,FUN_004574d5,"souls.exe function, 14 bytes"
004574E3,FUN_004574e3,"souls.exe function, 11 bytes"
004574F8,FUN_004574f8,"souls.exe function, 8 bytes"
004575B6,FUN_004575b6,"souls.exe function, 709 bytes"
00457885,FUN_00457885,"souls.exe function, 8 bytes"
004578D2,FUN_004578d2,"souls.exe function, 268 bytes"
004579E8,FUN_004579e8,"souls.exe function, 11 bytes"
004579F3,FUN_004579f3,"souls.exe function, 17 bytes"
00457A0C,SageBoxDialog,"Dialog 164: the Sage message box (Yes 1091 / No 1092, OK/Cancel hidden)"
00457C21,FUN_00457c21,"souls.exe function, 148 bytes"
00457CB5,FUN_00457cb5,"souls.exe function, 14 bytes"
00457CC3,FUN_00457cc3,"souls.exe function, 14 bytes"
00457CD1,FUN_00457cd1,"souls.exe function, 14 bytes"
00457CDF,FUN_00457cdf,"souls.exe function, 14 bytes"
00457CED,FUN_00457ced,"souls.exe function, 14 bytes"
00457CFB,FUN_00457cfb,"souls.exe function, 14 bytes"
00457D09,FUN_00457d09,"souls.exe function, 11 bytes"
00457D14,FUN_00457d14,"souls.exe function, 11 bytes"
00457D1F,FUN_00457d1f,"souls.exe function, 11 bytes"
00457D34,FUN_00457d34,"souls.exe function, 8 bytes"
00457DAE,FUN_00457dae,"souls.exe function, 1085 bytes"
004581EB,FUN_004581eb,"souls.exe function, 185 bytes"
004582AE,FUN_004582ae,"souls.exe function, 8 bytes"
004582B6,FUN_004582b6,"souls.exe function, 74 bytes"
00458300,FUN_00458300,"souls.exe function, 59 bytes"
00458343,SageMessageBox,Message-box helper (title/text/flags) used for the Blind Sage and error popups
004583C8,FUN_004583c8,"souls.exe function, 11 bytes"
004583DD,FUN_004583dd,"souls.exe function, 125 bytes"
0045845A,FUN_0045845a,"souls.exe function, 14 bytes"
00458468,FUN_00458468,"souls.exe function, 14 bytes"
00458476,FUN_00458476,"souls.exe function, 14 bytes"
00458484,FUN_00458484,"souls.exe function, 14 bytes"
00458492,FUN_00458492,"souls.exe function, 14 bytes"
004584A0,FUN_004584a0,"souls.exe function, 14 bytes"
004584AE,FUN_004584ae,"souls.exe function, 11 bytes"
004584B9,FUN_004584b9,"souls.exe function, 11 bytes"
004584C4,FUN_004584c4,"souls.exe function, 11 bytes"
004584D9,FUN_004584d9,"souls.exe function, 8 bytes"
004584EF,FUN_004584ef,"souls.exe function, 33 bytes"
00458510,FUN_00458510,"souls.exe function, 75 bytes"
00458575,FUN_00458575,"souls.exe function, 8 bytes"
0045857D,FUN_0045857d,"souls.exe function, 70 bytes"
004585CD,FUN_004585cd,"souls.exe function, 8 bytes"
004585D5,FUN_004585d5,"souls.exe function, 47 bytes"
0045860E,FUN_0045860e,"souls.exe function, 8 bytes"
00458616,FUN_00458616,"souls.exe function, 23 bytes"
0045862D,FUN_0045862d,"souls.exe function, 172 bytes"
004586D9,FUN_004586d9,"souls.exe function, 178 bytes"
0045878B,FUN_0045878b,"souls.exe function, 56 bytes"
004587C3,FUN_004587c3,"souls.exe function, 202 bytes"
0045888D,FUN_0045888d,"souls.exe function, 150 bytes"
00458923,FUN_00458923,"souls.exe function, 101 bytes"
00458988,FUN_00458988,"souls.exe function, 20 bytes"
0045899C,FUN_0045899c,"souls.exe function, 77 bytes"
004589E9,FUN_004589e9,"souls.exe function, 461 bytes"
00458BB6,FUN_00458bb6,"souls.exe function, 117 bytes"
00458C2B,FUN_00458c2b,"souls.exe function, 56 bytes"
00458C63,FUN_00458c63,"souls.exe function, 95 bytes"
00458CC2,FUN_00458cc2,"souls.exe function, 46 bytes"
00458CF0,FUN_00458cf0,"souls.exe function, 26 bytes"
00458D0A,FUN_00458d0a,"souls.exe function, 20 bytes"
00458D1E,FUN_00458d1e,"souls.exe function, 69 bytes"
00458D63,FUN_00458d63,"souls.exe function, 86 bytes"
00458DB9,FUN_00458db9,"souls.exe function, 55 bytes"
00458DF0,FUN_00458df0,"souls.exe function, 344 bytes"
0045906F,FUN_0045906f,"souls.exe function, 148 bytes"
00459103,FUN_00459103,"souls.exe function, 14 bytes"
00459111,FUN_00459111,"souls.exe function, 14 bytes"
0045911F,FUN_0045911f,"souls.exe function, 14 bytes"
0045912D,FUN_0045912d,"souls.exe function, 14 bytes"
0045913B,FUN_0045913b,"souls.exe function, 14 bytes"
00459149,FUN_00459149,"souls.exe function, 14 bytes"
00459157,FUN_00459157,"souls.exe function, 14 bytes"
00459165,FUN_00459165,"souls.exe function, 14 bytes"
00459173,FUN_00459173,"souls.exe function, 11 bytes"
00459188,FUN_00459188,"souls.exe function, 8 bytes"
00459190,FUN_00459190,"souls.exe function, 355 bytes"
0045935F,FUN_0045935f,"souls.exe function, 643 bytes"
00459604,FUN_00459604,"souls.exe function, 88 bytes"
00459666,FUN_00459666,"souls.exe function, 8 bytes"
004596C8,FUN_004596c8,"souls.exe function, 131 bytes"
0045974B,FUN_0045974b,"souls.exe function, 170 bytes"
004597F5,FUN_004597f5,"souls.exe function, 376 bytes"
0045996D,FUN_0045996d,"souls.exe function, 107 bytes"
004599D8,FUN_004599d8,"souls.exe function, 196 bytes"
00459A9C,FUN_00459a9c,"souls.exe function, 47 bytes"
00459ACB,FUN_00459acb,"souls.exe function, 1744 bytes"
0045A19B,FUN_0045a19b,"souls.exe function, 386 bytes"
0045A31D,FUN_0045a31d,"souls.exe function, 516 bytes"
0045A521,FUN_0045a521,"souls.exe function, 119 bytes"
0045A598,FUN_0045a598,"souls.exe function, 49 bytes"
0045A5C9,FUN_0045a5c9,"souls.exe function, 901 bytes"
0045A94E,FUN_0045a94e,"souls.exe function, 121 bytes"
0045A9C7,FUN_0045a9c7,"souls.exe function, 92 bytes"
0045AA23,FUN_0045aa23,"souls.exe function, 81 bytes"
0045AA7F,FUN_0045aa7f,"souls.exe function, 134 bytes"
0045AB05,FUN_0045ab05,"souls.exe function, 45 bytes"
0045AB32,FUN_0045ab32,"souls.exe function, 25 bytes"
0045AB4B,FUN_0045ab4b,"souls.exe function, 41 bytes"
0045AB74,CreateObject,"souls.exe function, 77 bytes"
0045ABE0,FUN_0045abe0,"souls.exe function, 67 bytes"
0045AC35,FUN_0045ac35,"souls.exe function, 30 bytes"
0045AC53,FUN_0045ac53,"souls.exe function, 47 bytes"
0045AC8C,FUN_0045ac8c,"souls.exe function, 8 bytes"
0045ACA3,FUN_0045aca3,"souls.exe function, 45 bytes"
0045ACDA,FUN_0045acda,"souls.exe function, 10 bytes"
0045ACE4,FUN_0045ace4,"souls.exe function, 14 bytes"
0045ACFC,FUN_0045acfc,"souls.exe function, 175 bytes"
0045ADAB,FUN_0045adab,"souls.exe function, 8 bytes"
0045ADBD,FUN_0045adbd,"souls.exe function, 11 bytes"
0045ADC8,FUN_0045adc8,"souls.exe function, 443 bytes"
0045B121,FUN_0045b121,"souls.exe function, 30 bytes"
0045B13F,FUN_0045b13f,"souls.exe function, 176 bytes"
0045B1EF,FUN_0045b1ef,"souls.exe function, 14 bytes"
0045B1FD,FUN_0045b1fd,"souls.exe function, 14 bytes"
0045B20B,FUN_0045b20b,"souls.exe function, 14 bytes"
0045B219,FUN_0045b219,"souls.exe function, 14 bytes"
0045B227,FUN_0045b227,"souls.exe function, 14 bytes"
0045B235,FUN_0045b235,"souls.exe function, 14 bytes"
0045B243,FUN_0045b243,"souls.exe function, 14 bytes"
0045B251,FUN_0045b251,"souls.exe function, 14 bytes"
0045B25F,FUN_0045b25f,"souls.exe function, 14 bytes"
0045B26D,FUN_0045b26d,"souls.exe function, 14 bytes"
0045B27B,FUN_0045b27b,"souls.exe function, 14 bytes"
0045B289,FUN_0045b289,"souls.exe function, 11 bytes"
0045B294,FUN_0045b294,"souls.exe function, 11 bytes"
0045B29F,FUN_0045b29f,"souls.exe function, 11 bytes"
0045B2B4,FUN_0045b2b4,"souls.exe function, 8 bytes"
0045B2C8,FUN_0045b2c8,"souls.exe function, 1038 bytes"
0045B6DB,FUN_0045b6db,"souls.exe function, 717 bytes"
0045B9A8,FUN_0045b9a8,"souls.exe function, 118 bytes"
0045BA34,FUN_0045ba34,"souls.exe function, 11 bytes"
0045BA65,FUN_0045ba65,"souls.exe function, 157 bytes"
0045BB02,FUN_0045bb02,"souls.exe function, 377 bytes"
0045BC85,FUN_0045bc85,"souls.exe function, 8 bytes"
0045BC8D,FUN_0045bc8d,"souls.exe function, 31 bytes"
0045BCAC,FUN_0045bcac,"souls.exe function, 36 bytes"
0045BD33,FUN_0045bd33,"souls.exe function, 22 bytes"
0045BD49,FUN_0045bd49,"souls.exe function, 116 bytes"
0045BDC7,FUN_0045bdc7,"souls.exe function, 8 bytes"
0045BDFB,FUN_0045bdfb,"souls.exe function, 47 bytes"
0045BE34,FUN_0045be34,"souls.exe function, 8 bytes"
0045BE3C,FUN_0045be3c,"souls.exe function, 131 bytes"
0045BEBF,FUN_0045bebf,"souls.exe function, 322 bytes"
0045C001,FUN_0045c001,"souls.exe function, 8 bytes"
0045C013,FUN_0045c013,"souls.exe function, 8 bytes"
0045C01B,FUN_0045c01b,"souls.exe function, 586 bytes"
0045C45E,FUN_0045c45e,"souls.exe function, 238 bytes"
0045C54C,FUN_0045c54c,"souls.exe function, 14 bytes"
0045C55A,FUN_0045c55a,"souls.exe function, 14 bytes"
0045C568,FUN_0045c568,"souls.exe function, 14 bytes"
0045C576,FUN_0045c576,"souls.exe function, 14 bytes"
0045C584,FUN_0045c584,"souls.exe function, 14 bytes"
0045C592,FUN_0045c592,"souls.exe function, 14 bytes"
0045C5A0,FUN_0045c5a0,"souls.exe function, 14 bytes"
0045C5AE,FUN_0045c5ae,"souls.exe function, 14 bytes"
0045C5BC,FUN_0045c5bc,"souls.exe function, 14 bytes"
0045C5CA,FUN_0045c5ca,"souls.exe function, 14 bytes"
0045C5D8,FUN_0045c5d8,"souls.exe function, 14 bytes"
0045C5E6,FUN_0045c5e6,"souls.exe function, 14 bytes"
0045C5F4,FUN_0045c5f4,"souls.exe function, 14 bytes"
0045C602,FUN_0045c602,"souls.exe function, 14 bytes"
0045C610,FUN_0045c610,"souls.exe function, 14 bytes"
0045C61E,FUN_0045c61e,"souls.exe function, 14 bytes"
0045C62C,FUN_0045c62c,"souls.exe function, 14 bytes"
0045C63A,FUN_0045c63a,"souls.exe function, 14 bytes"
0045C648,FUN_0045c648,"souls.exe function, 11 bytes"
0045C65D,FUN_0045c65d,"souls.exe function, 8 bytes"
0045C7D7,FUN_0045c7d7,"souls.exe function, 106 bytes"
0045C841,FUN_0045c841,"souls.exe function, 161 bytes"
0045C8E2,FUN_0045c8e2,"souls.exe function, 135 bytes"
0045C9BD,FUN_0045c9bd,"souls.exe function, 76 bytes"
0045CA09,FUN_0045ca09,"souls.exe function, 732 bytes"
0045CCE5,LinkEditorDialog,Link Editor dialog: edits the .obl record fields documented in script.md 5.2
0045CFDD,FUN_0045cfdd,"souls.exe function, 8 bytes"
0045D0C1,FUN_0045d0c1,"souls.exe function, 8 bytes"
0045D0C9,FUN_0045d0c9,"souls.exe function, 99 bytes"
0045D12C,FUN_0045d12c,"souls.exe function, 35 bytes"
0045D1ED,LinkEditorFields,Second Link Editor routine (divided .obl field handling)
0045D3A1,FUN_0045d3a1,"souls.exe function, 8 bytes"
0045D446,FUN_0045d446,"souls.exe function, 8 bytes"
0045D481,FUN_0045d481,"souls.exe function, 317 bytes"
0045D5BE,MapEditorInit_2,One of the map editor init routines; docs group 45D65F/45D5BE/40F849/40F8FD/45DBA0
0045D65F,MapEditorInit_3,One of the map editor init routines; docs group 45D65F/45D5BE/40F849/40F8FD/45DBA0
0045DB67,FUN_0045db67,"souls.exe function, 57 bytes"
0045DBA0,MapEditorInit_4,One of the map editor init routines; docs group 45D65F/45D5BE/40F849/40F8FD/45DBA0
0045DBC5,FUN_0045dbc5,"souls.exe function, 164 bytes"
0045DCDD,FUN_0045dcdd,"souls.exe function, 496 bytes"
0045DECD,FUN_0045decd,"souls.exe function, 104 bytes"
0045DF45,FUN_0045df45,"souls.exe function, 17 bytes"
0045DF56,FUN_0045df56,"souls.exe function, 267 bytes"
0045E06B,FUN_0045e06b,"souls.exe function, 8 bytes"
0045E0E6,FUN_0045e0e6,"souls.exe function, 128 bytes"
0045E170,FUN_0045e170,"souls.exe function, 8 bytes"
0045E29B,FUN_0045e29b,"souls.exe function, 143 bytes"
0045E334,FUN_0045e334,"souls.exe function, 11 bytes"
0045E33F,FUN_0045e33f,"souls.exe function, 62 bytes"
0045E37D,FUN_0045e37d,"souls.exe function, 14 bytes"
0045E38B,FUN_0045e38b,"souls.exe function, 11 bytes"
0045E3A0,FUN_0045e3a0,"souls.exe function, 8 bytes"
0045E493,FUN_0045e493,"souls.exe function, 127 bytes"
0045E53A,`scalar_deleting_destructor',"souls.exe function, 85 bytes"
0045E58F,FUN_0045e58f,"souls.exe function, 11 bytes"
0045E59A,FUN_0045e59a,"souls.exe function, 11 bytes"
0045E5AF,FUN_0045e5af,"souls.exe function, 8 bytes"
0045E5EE,CreateObject,"souls.exe function, 77 bytes"
0045E65A,FUN_0045e65a,"souls.exe function, 220 bytes"
0045E7C0,FUN_0045e7c0,"souls.exe function, 30 bytes"
0045E7DE,FUN_0045e7de,"souls.exe function, 95 bytes"
0045E83D,FUN_0045e83d,"souls.exe function, 14 bytes"
0045E84B,FUN_0045e84b,"souls.exe function, 14 bytes"
0045E859,FUN_0045e859,"souls.exe function, 14 bytes"
0045E867,FUN_0045e867,"souls.exe function, 11 bytes"
0045E872,FUN_0045e872,"souls.exe function, 11 bytes"
0045E887,FUN_0045e887,"souls.exe function, 8 bytes"
0045E88F,FUN_0045e88f,"souls.exe function, 23 bytes"
0045E8B3,FUN_0045e8b3,"souls.exe function, 417 bytes"
0045EA61,FUN_0045ea61,"souls.exe function, 134 bytes"
0045EAE7,FUN_0045eae7,"souls.exe function, 178 bytes"
0045F37C,ItemClassFilter,OFFER2 item-class filter (class threshold test)
0045F4C8,FUN_0045f4c8,"souls.exe function, 415 bytes"
0045F667,FUN_0045f667,"souls.exe function, 188 bytes"
0045F723,FUN_0045f723,"souls.exe function, 202 bytes"
0045FB04,FUN_0045fb04,"souls.exe function, 37 bytes"
0045FB91,FUN_0045fb91,"souls.exe function, 154 bytes"
0045FC2B,HeroInventoryBitmap,Hero+0x272 inventory bitmap accessor: 1 byte per item id 0..1023
0045FC7A,FUN_0045fc7a,"souls.exe function, 231 bytes"
0045FD61,FUN_0045fd61,"souls.exe function, 72 bytes"
0045FDA9,NewSoulDialogCtor,"CDialog ctor for resource 138/0x8A: New Soul (name edit, class list, gender combo, PK check)"
00460130,FUN_00460130,"souls.exe function, 202 bytes"
004601FA,FUN_004601fa,"souls.exe function, 14 bytes"
00460208,FUN_00460208,"souls.exe function, 14 bytes"
00460216,FUN_00460216,"souls.exe function, 14 bytes"
00460224,FUN_00460224,"souls.exe function, 14 bytes"
00460232,FUN_00460232,"souls.exe function, 14 bytes"
00460240,FUN_00460240,"souls.exe function, 14 bytes"
0046024E,FUN_0046024e,"souls.exe function, 14 bytes"
0046025C,FUN_0046025c,"souls.exe function, 14 bytes"
0046026A,FUN_0046026a,"souls.exe function, 14 bytes"
00460278,FUN_00460278,"souls.exe function, 14 bytes"
00460286,FUN_00460286,"souls.exe function, 14 bytes"
00460294,FUN_00460294,"souls.exe function, 14 bytes"
004602A2,FUN_004602a2,"souls.exe function, 14 bytes"
004602B0,FUN_004602b0,"souls.exe function, 14 bytes"
004602BE,FUN_004602be,"souls.exe function, 11 bytes"
004602D3,FUN_004602d3,"souls.exe function, 8 bytes"
004603B4,NewSoulOnInit,"New Soul OnInitDialog: fills the class list, gender combo and stat labels"
00460765,SanitiseSoulName,Strips spaces and replaces punctuation/high bytes in the soul name with underscore
00460805,ValidateSoulName,Validates the soul name (Too Short/Few Letters/Punctuation/Spaces/Naughty/Reserved Name)
00460962,HeroPathBuild,Builds <root>\save\<world>\savedHeroes[\<name>.<ext>] and creates the save directories
00460A7E,NewSoulOnOK,"New Soul OnOK: validates the name, rejects duplicates and fills the class/gender result fields"
00460D0C,FUN_00460d0c,"souls.exe function, 8 bytes"
00460D1E,FUN_00460d1e,"souls.exe function, 8 bytes"
00460D69,FUN_00460d69,"souls.exe function, 161 bytes"
00460E14,FUN_00460e14,"souls.exe function, 11 bytes"
00460E1F,FUN_00460e1f,"souls.exe function, 74 bytes"
00460E69,FUN_00460e69,"souls.exe function, 33 bytes"
00460F12,FUN_00460f12,"souls.exe function, 71 bytes"
00460F6B,FUN_00460f6b,"souls.exe function, 30 bytes"
00460F89,FUN_00460f89,"souls.exe function, 47 bytes"
00460FC2,FUN_00460fc2,"souls.exe function, 8 bytes"
00460FE4,FUN_00460fe4,"souls.exe function, 55 bytes"
0046101B,FUN_0046101b,"souls.exe function, 163 bytes"
004610D9,WanderPump,Idle auto-wander pump: walks one more leg to the remembered point after 2 s
00461138,MapOnPaint,"Map view OnPaint: camera rect, BIG_MAP blit, terrain/monster/link overlays"
00461679,FUN_00461679,"souls.exe function, 11 bytes"
00461684,TerrainOverlayDraw,Debug terrain overlay: fills each non-zero cell as a 16x16 px rect with its palette colour
0046186F,TerrainByteAt,"Terrain id at map-unit (x,y) via the x>>2,y>>2 cell of the .ter DIB; 9 = impassable off-grid"
00461929,FUN_00461929,"souls.exe function, 31 bytes"
00461948,WalkAdvanceNode,Advance-the-path callback: re-issues a walk leg to the next polyline node
00461A07,ReseedHeroPosition,Re-seeds the hero's map position after a map change or at incarnate
00461A1E,DrawWalkPolyline,Editor-only overlay: draws the walk polyline
00461B09,FUN_00461b09,"souls.exe function, 8 bytes"
00461B11,SnapToCellCentre,(v/4 truncated)*4+2: snaps a coordinate to the containing 4x4 cell centre
00461B26,AllDiagonalsWalkable,True when all four diagonal neighbours of a cell are walkable (corner clipping check)
00461B93,LineMarch,Bresenham-with-divisor walkability march; stops at the first blocked cell and snaps back
00461CD7,LineOfSight,Line-of-sight test (march with the corner check off) used to prune the polyline
00461CF7,DirTable3x3,3x3 direction table at DAT_004f21e0 indexed ((dy+1)&3)<<2 | ((dx+1)&3)
00461D41,PathDetourStep,Sideways detour step used by the path builder (8-direction tables)
00461DA7,FUN_00461da7,"souls.exe function, 37 bytes"
00461DCC,PathBuild,"Path builder: march plus up to 10 sideways detours, up to 2000 nodes in DAT_00679e28"
0046206D,ValidateClickTarget,Validates/repairs a click target with three path-builder runs; drops paths with <= 2 nodes
004620F3,StartWalkLeg,"Starts one walk leg: target, steps and duration = dist*1000/speed in 24.8 fixed point"
004622F4,PlayerWalk,"Player-initiated walk wrapper for FUN_004620f3(...,1)"
0046230E,ActorStepTick,Per-tick actor position interpolation and facing update
004624C3,FUN_004624c3,"souls.exe function, 15 bytes"
004624D2,NameHash,"Hash of the soul name string at hero+0x14, stored at hero+0x2AE"
004624EF,MarkSelfAttacked,Marks I am the one being attacked / world-CRC bookkeeping
0046259A,PostBattleGrace,2 s post-battle grace period and the There are no monsters here - hunt hint
004625EE,NearestLinkIsSafe,True when the nearest link is kind 4 (a no-random-monsters-here link)
0046260E,EncounterRoll,"Random-encounter roll plus nearby-player scan, once per frame from FUN_00462958"
00462958,MapTick,"Map tick: camera, nearest link, link activation, encounter roll, monster zones"
00462B5D,MapOnLButtonDown,Map click handler (mode 6): converts the click and calls FUN_004622f4 to walk
00462F84,LinkCreateFromClick,Creates/positions a link from a click in the editor: x = origin + screenX/4
004631BB,FUN_004631bb,"souls.exe function, 11 bytes"
004631C6,CanWalkHere,"Walkability: terrain 0 is free, otherwise the terrain item or an equipment capability is needed"
00463258,SetNoEntryCursor,Sets the no-entry cursor when the hovered map cell is blocked
004633CE,DrawLinkObjectRect,Editor-only overlay: rectangle of the linked object
004634E9,FUN_004634e9,"souls.exe function, 265 bytes"
004635F2,FUN_004635f2,"souls.exe function, 8 bytes"
00463604,FUN_00463604,"souls.exe function, 8 bytes"
0046362D,FUN_0046362d,"souls.exe function, 3 bytes"
00463630,ObrLoad,.obr reader: fread of 48-byte entries; accepts the shorter table (Evergreen 256 rows)
004636D3,NearestLinkHitTest,Per-tick nearest-link and link-under-hero hit test (rect = obr rect / 8)
00463853,ActivateLink,"Activates a link by kind: 0x475 scene, 0x46A map change + theme, kind 0/3 nothing"
0046393F,OblSave,".obl writer: mirror of the loader, 256 records x 800 bytes"
00463989,OblLoad,.obl reader: memset + fread of 256 records x 800 bytes at DAT_00604808
004639EB,DrawLinks,Draws link sprites from objects.obr and the revealed link names at 4x zoom
004641C6,FUN_004641c6,"souls.exe function, 11 bytes"
00464297,FUN_00464297,"souls.exe function, 48 bytes"
004642C7,TerrainBrushPaint,"Editor terrain brush: writes the DAT_004f0ce0 brush id into the x>>2,y>>2 grid"
004643AA,FUN_004643aa,"souls.exe function, 67 bytes"
004643ED,FUN_004643ed,"souls.exe function, 52 bytes"
00464421,MonSave,.mon writer: writes the 0x43620-byte placement table verbatim
00464461,MonLoad,".mon reader: 1000 records x 276 B, zeroes record[4], counts placed monsters"
004644EE,DrawMonstersDebug,"Draws .mon placement sprites at 4x (debug only, gated on DAT_004df8b8)"
00464AEC,FUN_00464aec,"souls.exe function, 8 bytes"
00464AFE,FUN_00464afe,"souls.exe function, 8 bytes"
00464B06,MonEditorClick,".mon editor click-picking with a (x+-4, y+-4) map-unit hit box"
00464DAF,PickRandomMonsterNearby,"PickRandomMonster by .mon proximity: monster zone + radius test, logged"
004650AE,FUN_004650ae,"souls.exe function, 849 bytes"
00465419,FUN_00465419,"souls.exe function, 8 bytes"
00465421,FUN_00465421,"souls.exe function, 95 bytes"
004654A8,`scalar_deleting_destructor',"souls.exe function, 85 bytes"
004654FD,FUN_004654fd,"souls.exe function, 11 bytes"
00465508,FUN_00465508,"souls.exe function, 11 bytes"
0046551D,FUN_0046551d,"souls.exe function, 8 bytes"
004655E4,FUN_004655e4,"souls.exe function, 331 bytes"
00465749,FUN_00465749,"souls.exe function, 8 bytes"
00465751,FUN_00465751,"souls.exe function, 1049 bytes"
00465B6A,FUN_00465b6a,"souls.exe function, 8 bytes"
00465B7C,FUN_00465b7c,"souls.exe function, 11 bytes"
00465B8F,FUN_00465b8f,"souls.exe function, 90 bytes"
00465BE9,FUN_00465be9,"souls.exe function, 200 bytes"
00465CB1,FUN_00465cb1,"souls.exe function, 27 bytes"
00465DD6,FUN_00465dd6,"souls.exe function, 175 bytes"
00465E85,FUN_00465e85,"souls.exe function, 70 bytes"
00465ECB,FUN_00465ecb,"souls.exe function, 112 bytes"
00465F3B,FUN_00465f3b,"souls.exe function, 178 bytes"
00465FED,FUN_00465fed,"souls.exe function, 190 bytes"
004660AB,FUN_004660ab,"souls.exe function, 89 bytes"
00466104,FUN_00466104,"souls.exe function, 208 bytes"
004661D4,FUN_004661d4,"souls.exe function, 16 bytes"
004661E4,FUN_004661e4,"souls.exe function, 94 bytes"
00466242,FUN_00466242,"souls.exe function, 134 bytes"
004662C8,FUN_004662c8,"souls.exe function, 95 bytes"
00466327,FUN_00466327,"souls.exe function, 364 bytes"
00466493,FUN_00466493,"souls.exe function, 163 bytes"
00466580,FUN_00466580,"souls.exe function, 94 bytes"
004665DE,FUN_004665de,"souls.exe function, 14 bytes"
004665EC,FUN_004665ec,"souls.exe function, 14 bytes"
004665FA,FUN_004665fa,"souls.exe function, 14 bytes"
00466612,FUN_00466612,"souls.exe function, 8 bytes"
0046664C,FUN_0046664c,"souls.exe function, 34 bytes"
0046666E,FUN_0046666e,"souls.exe function, 29 bytes"
0046668E,FUN_0046668e,"souls.exe function, 35 bytes"
004666B1,FUN_004666b1,"souls.exe function, 215 bytes"
00466788,FUN_00466788,"souls.exe function, 406 bytes"
0046691E,FUN_0046691e,"souls.exe function, 19 bytes"
00466931,PaperDollGrid,The 10-slot paper-doll equip grid; cell rect is 48x48 (0x30)
00466B0C,FUN_00466b0c,"souls.exe function, 8 bytes"
00466B1E,FUN_00466b1e,"souls.exe function, 11 bytes"
00466B29,FUN_00466b29,"souls.exe function, 146 bytes"
00466C7B,FUN_00466c7b,"souls.exe function, 210 bytes"
00466DE5,FUN_00466de5,"souls.exe function, 112 bytes"
00466E55,FUN_00466e55,"souls.exe function, 14 bytes"
00466E63,FUN_00466e63,"souls.exe function, 14 bytes"
00466E71,FUN_00466e71,"souls.exe function, 14 bytes"
00466E7F,FUN_00466e7f,"souls.exe function, 14 bytes"
00466E8D,FUN_00466e8d,"souls.exe function, 11 bytes"
00466EA2,FUN_00466ea2,"souls.exe function, 8 bytes"
00466EF3,InitPreferences,Preferences dialogs / theme initialisation at app start
004670B4,PreExitCleanup,Cleanup called from ExitInstance before WinHelp and exit
00467312,FUN_00467312,"souls.exe function, 25 bytes"
0046732B,FUN_0046732b,"souls.exe function, 30 bytes"
00467349,FUN_00467349,"souls.exe function, 166 bytes"
004673EF,FUN_004673ef,"souls.exe function, 116 bytes"
00467601,FUN_00467601,"souls.exe function, 47 bytes"
00467635,FUN_00467635,"souls.exe function, 140 bytes"
004676CB,FUN_004676cb,"souls.exe function, 8 bytes"
004676D4,FUN_004676d4,"souls.exe function, 137 bytes"
004677CA,FUN_004677ca,"souls.exe function, 10 bytes"
004677D4,FUN_004677d4,"souls.exe function, 14 bytes"
004677EC,FUN_004677ec,"souls.exe function, 350 bytes"
00467986,FUN_00467986,"souls.exe function, 42 bytes"
004679B0,FUN_004679b0,"souls.exe function, 102 bytes"
00467A16,FUN_00467a16,"souls.exe function, 54 bytes"
00467A4C,FUN_00467a4c,"souls.exe function, 87 bytes"
00467AA3,FUN_00467aa3,"souls.exe function, 39 bytes"
00467ACA,FUN_00467aca,"souls.exe function, 36 bytes"
00467AEE,FUN_00467aee,"souls.exe function, 42 bytes"
00467B18,FUN_00467b18,"souls.exe function, 12 bytes"
00467B24,FUN_00467b24,"souls.exe function, 16 bytes"
00467B34,FUN_00467b34,"souls.exe function, 529 bytes"
00467D45,FUN_00467d45,"souls.exe function, 90 bytes"
00467D9F,FUN_00467d9f,"souls.exe function, 119 bytes"
00467E16,FUN_00467e16,"souls.exe function, 48 bytes"
00467E46,FUN_00467e46,"souls.exe function, 90 bytes"
00467EA0,FUN_00467ea0,"souls.exe function, 6 bytes"
00467EA6,FUN_00467ea6,"souls.exe function, 30 bytes"
00467EC4,FUN_00467ec4,"souls.exe function, 108 bytes"
00467F30,DevTableSetCookie,Cookie writer for num.devTableId and str.devTableRowId
00467F8B,DevTableGetCookie,"Cookie reader for num.devTableId, str.devTableRowId and str.devTableCol<n>"
0046802D,FUN_0046802d,"souls.exe function, 127 bytes"
004680D4,`scalar_deleting_destructor',"souls.exe function, 85 bytes"
00468129,FUN_00468129,"souls.exe function, 11 bytes"
00468134,FUN_00468134,"souls.exe function, 11 bytes"
00468149,FUN_00468149,"souls.exe function, 8 bytes"
004681BE,FUN_004681be,"souls.exe function, 131 bytes"
00468253,FUN_00468253,"souls.exe function, 30 bytes"
00468271,FUN_00468271,"souls.exe function, 59 bytes"
004682B6,FUN_004682b6,"souls.exe function, 8 bytes"
004682CA,SoundCardInit,"DirectSound create; on success starts the music thread (FUN_00468EA1)"
0046831C,MusicShutdown,"close song, set DAT_004F416C=1, wait up to 3000 ms in Sleep(100) for the music thread to clear it"
004683E2,FUN_004683e2,"souls.exe function, 164 bytes"
00468486,FUN_00468486,"souls.exe function, 90 bytes"
004684E0,FUN_004684e0,"souls.exe function, 629 bytes"
00468755,FUN_00468755,"souls.exe function, 210 bytes"
00468827,FUN_00468827,"souls.exe function, 8 bytes"
00468839,FUN_00468839,"souls.exe function, 8 bytes"
00468841,FUN_00468841,"souls.exe function, 99 bytes"
0046890D,SoundBufferPlay,"DirectSound buffer op: 0 Stop, 1 restart one-shot (needs enableSFX), 2 Play looping, 3 play and wait"
00468A5A,FUN_00468a5a,"souls.exe function, 59 bytes"
00468A9A,FUN_00468a9a,"souls.exe function, 25 bytes"
00468AC8,FUN_00468ac8,"souls.exe function, 44 bytes"
00468AF4,FUN_00468af4,"souls.exe function, 23 bytes"
00468B0B,FUN_00468b0b,"souls.exe function, 88 bytes"
00468B63,FUN_00468b63,"souls.exe function, 77 bytes"
00468BB0,FUN_00468bb0,"souls.exe function, 43 bytes"
00468BDB,FUN_00468bdb,"souls.exe function, 174 bytes"
00468CEA,FUN_00468cea,"souls.exe function, 100 bytes"
00468D4E,FUN_00468d4e,"souls.exe function, 15 bytes"
00468D5D,FUN_00468d5d,"souls.exe function, 15 bytes"
00468DC2,FUN_00468dc2,"souls.exe function, 28 bytes"
00468DDE,FUN_00468dde,"souls.exe function, 195 bytes"
00468EA1,FUN_00468ea1,"souls.exe function, 84 bytes"
00468EF5,FUN_00468ef5,"souls.exe function, 34 bytes"
00468F17,FUN_00468f17,"souls.exe function, 56 bytes"
00468F4F,FUN_00468f4f,"souls.exe function, 638 bytes"
004691F6,FUN_004691f6,"souls.exe function, 51 bytes"
00469229,MusicThread,"MIDI thread: polls DAT_004F416C every 100 ms; open/play/loop via MCI"
00469416,FUN_00469416,"souls.exe function, 230 bytes"
004695B5,FUN_004695b5,"souls.exe function, 121 bytes"
0046962E,FUN_0046962e,"souls.exe function, 14 bytes"
0046963C,FUN_0046963c,"souls.exe function, 14 bytes"
0046964A,FUN_0046964a,"souls.exe function, 14 bytes"
00469658,FUN_00469658,"souls.exe function, 14 bytes"
00469666,FUN_00469666,"souls.exe function, 11 bytes"
00469671,FUN_00469671,"souls.exe function, 11 bytes"
00469686,FUN_00469686,"souls.exe function, 8 bytes"
0046971A,FUN_0046971a,"souls.exe function, 44 bytes"
00469760,FUN_00469760,"souls.exe function, 192 bytes"
00469820,FUN_00469820,"souls.exe function, 105 bytes"
00469908,FUN_00469908,"souls.exe function, 30 bytes"
00469926,FUN_00469926,"souls.exe function, 498 bytes"
00469B1B,FUN_00469b1b,"souls.exe function, 650 bytes"
00469DA5,FUN_00469da5,"souls.exe function, 8 bytes"
00469DAD,FUN_00469dad,"souls.exe function, 8 bytes"
00469DBF,FUN_00469dbf,"souls.exe function, 8 bytes"
00469DC7,FUN_00469dc7,"souls.exe function, 87 bytes"
00469E46,`scalar_deleting_destructor',"souls.exe function, 85 bytes"
00469E9B,FUN_00469e9b,"souls.exe function, 11 bytes"
00469EA6,FUN_00469ea6,"souls.exe function, 11 bytes"
00469EBB,FUN_00469ebb,"souls.exe function, 8 bytes"
00469ED5,FUN_00469ed5,"souls.exe function, 19 bytes"
00469EE8,FUN_00469ee8,"souls.exe function, 251 bytes"
00469FE3,FUN_00469fe3,"souls.exe function, 25 bytes"
00469FFC,FUN_00469ffc,"souls.exe function, 357 bytes"
0046A161,FUN_0046a161,"souls.exe function, 19 bytes"
0046A174,FUN_0046a174,"souls.exe function, 349 bytes"
0046A304,FUN_0046a304,"souls.exe function, 898 bytes"
0046A690,FUN_0046a690,"souls.exe function, 8 bytes"
0046A698,FUN_0046a698,"souls.exe function, 67 bytes"
0046A6DB,FUN_0046a6db,"souls.exe function, 39 bytes"
0046A702,FUN_0046a702,"souls.exe function, 86 bytes"
0046A758,FUN_0046a758,"souls.exe function, 553 bytes"
0046A981,FUN_0046a981,"souls.exe function, 151 bytes"
0046AA22,FUN_0046aa22,"souls.exe function, 8 bytes"
0046AA2A,FUN_0046aa2a,"souls.exe function, 352 bytes"
0046AB8A,FUN_0046ab8a,"souls.exe function, 245 bytes"
0046AC7F,FUN_0046ac7f,"souls.exe function, 132 bytes"
0046AD03,FUN_0046ad03,"souls.exe function, 68 bytes"
0046AD47,FUN_0046ad47,"souls.exe function, 45 bytes"
0046AD74,FUN_0046ad74,"souls.exe function, 118 bytes"
0046ADEA,FUN_0046adea,"souls.exe function, 225 bytes"
0046AECB,FUN_0046aecb,"souls.exe function, 91 bytes"
0046AF26,FUN_0046af26,"souls.exe function, 61 bytes"
0046AF75,FUN_0046af75,"souls.exe function, 30 bytes"
0046AF93,FUN_0046af93,"souls.exe function, 47 bytes"
0046AFCC,FUN_0046afcc,"souls.exe function, 8 bytes"
0046AFE0,FUN_0046afe0,"souls.exe function, 236 bytes"
0046B0D6,FUN_0046b0d6,"souls.exe function, 8 bytes"
0046B0DE,FUN_0046b0de,"souls.exe function, 61 bytes"
0046B11B,CreateObject,"souls.exe function, 77 bytes"
0046B187,FUN_0046b187,"souls.exe function, 136 bytes"
0046B264,FUN_0046b264,"souls.exe function, 30 bytes"
0046B282,FUN_0046b282,"souls.exe function, 91 bytes"
0046B2DD,FUN_0046b2dd,"souls.exe function, 14 bytes"
0046B2EB,FUN_0046b2eb,"souls.exe function, 14 bytes"
0046B2F9,FUN_0046b2f9,"souls.exe function, 11 bytes"
0046B30E,FUN_0046b30e,"souls.exe function, 8 bytes"
0046B325,FUN_0046b325,"souls.exe function, 456 bytes"
0046B4ED,FUN_0046b4ed,"souls.exe function, 8 bytes"
0046B4FF,FUN_0046b4ff,"souls.exe function, 8 bytes"
0046B5B4,FUN_0046b5b4,"souls.exe function, 25 bytes"
0046B5E9,FUN_0046b5e9,"souls.exe function, 301 bytes"
0046B716,FUN_0046b716,"souls.exe function, 212 bytes"
0046B7EA,FUN_0046b7ea,"souls.exe function, 28 bytes"
0046B806,FUN_0046b806,"souls.exe function, 157 bytes"
0046B8A3,FUN_0046b8a3,"souls.exe function, 8 bytes"
0046B8B5,FUN_0046b8b5,"souls.exe function, 570 bytes"
0046BAF9,FUN_0046baf9,"souls.exe function, 8 bytes"
0046BB0D,FUN_0046bb0d,"souls.exe function, 598 bytes"
0046BD6D,FUN_0046bd6d,"souls.exe function, 11 bytes"
0046BD78,FUN_0046bd78,"souls.exe function, 92 bytes"
0046BDD4,FUN_0046bdd4,"souls.exe function, 175 bytes"
0046BE83,FUN_0046be83,"souls.exe function, 692 bytes"
0046C141,FUN_0046c141,"souls.exe function, 8 bytes"
0046C149,FUN_0046c149,"souls.exe function, 566 bytes"
0046C240,FUN_0046c240,"souls.exe function, 8 bytes"
0046C248,FUN_0046c248,"souls.exe function, 8 bytes"
0046C250,FUN_0046c250,"souls.exe function, 8 bytes"
0046C258,FUN_0046c258,"souls.exe function, 8 bytes"
0046C260,FUN_0046c260,"souls.exe function, 8 bytes"
0046C3A7,FUN_0046c3a7,"souls.exe function, 8 bytes"
0046C3B9,FUN_0046c3b9,"souls.exe function, 8 bytes"
0046C3C1,FUN_0046c3c1,"souls.exe function, 31 bytes"
0046C3E0,FUN_0046c3e0,"souls.exe function, 106 bytes"
0046C44A,WaitBubbleClear,Waits until the current speech bubble clears before the script advances
0046C637,FUN_0046c637,"souls.exe function, 59 bytes"
0046C672,FUN_0046c672,"souls.exe function, 51 bytes"
0046C6A5,FUN_0046c6a5,"souls.exe function, 359 bytes"
0046C80C,FUN_0046c80c,"souls.exe function, 221 bytes"
0046C8E9,FUN_0046c8e9,"souls.exe function, 292 bytes"
0046CA0D,FUN_0046ca0d,"souls.exe function, 173 bytes"
0046CABA,FUN_0046caba,"souls.exe function, 86 bytes"
0046CB10,FUN_0046cb10,"souls.exe function, 719 bytes"
0046CDDF,FUN_0046cddf,"souls.exe function, 69 bytes"
0046CE24,FUN_0046ce24,"souls.exe function, 81 bytes"
0046CE75,FUN_0046ce75,"souls.exe function, 54 bytes"
0046CEAB,NarrationLine,N: narration line (no bubble)
0046CF18,FUN_0046cf18,"souls.exe function, 19 bytes"
0046CF2B,FUN_0046cf2b,"souls.exe function, 107 bytes"
0046CF96,FUN_0046cf96,"souls.exe function, 193 bytes"
0046D057,FUN_0046d057,"souls.exe function, 411 bytes"
0046D2EC,FUN_0046d2ec,"souls.exe function, 184 bytes"
0046D3A4,FUN_0046d3a4,"souls.exe function, 14 bytes"
0046D3B2,FUN_0046d3b2,"souls.exe function, 14 bytes"
0046D3C0,FUN_0046d3c0,"souls.exe function, 14 bytes"
0046D3CE,FUN_0046d3ce,"souls.exe function, 14 bytes"
0046D3DC,FUN_0046d3dc,"souls.exe function, 14 bytes"
0046D3EA,FUN_0046d3ea,"souls.exe function, 14 bytes"
0046D3F8,FUN_0046d3f8,"souls.exe function, 14 bytes"
0046D406,FUN_0046d406,"souls.exe function, 14 bytes"
0046D414,FUN_0046d414,"souls.exe function, 14 bytes"
0046D422,FUN_0046d422,"souls.exe function, 14 bytes"
0046D430,FUN_0046d430,"souls.exe function, 14 bytes"
0046D43E,FUN_0046d43e,"souls.exe function, 14 bytes"
0046D44C,FUN_0046d44c,"souls.exe function, 11 bytes"
0046D461,FUN_0046d461,"souls.exe function, 8 bytes"
0046D565,FUN_0046d565,"souls.exe function, 79 bytes"
0046D5B4,FUN_0046d5b4,"souls.exe function, 472 bytes"
0046D796,FUN_0046d796,"souls.exe function, 11 bytes"
0046D7A1,FUN_0046d7a1,"souls.exe function, 71 bytes"
0046D7E8,FUN_0046d7e8,"souls.exe function, 11 bytes"
0046D7F3,FUN_0046d7f3,"souls.exe function, 11 bytes"
0046D7FE,FUN_0046d7fe,"souls.exe function, 11 bytes"
0046D813,FUN_0046d813,"souls.exe function, 8 bytes"
0046D881,FUN_0046d881,"souls.exe function, 281 bytes"
0046D99A,FUN_0046d99a,"souls.exe function, 198 bytes"
0046DA60,FUN_0046da60,"souls.exe function, 138 bytes"
0046DB39,FUN_0046db39,"souls.exe function, 94 bytes"
0046DB97,FUN_0046db97,"souls.exe function, 14 bytes"
0046DBA5,FUN_0046dba5,"souls.exe function, 11 bytes"
0046DBB0,FUN_0046dbb0,"souls.exe function, 11 bytes"
0046DBC5,FUN_0046dbc5,"souls.exe function, 8 bytes"
0046DD15,FUN_0046dd15,"souls.exe function, 79 bytes"
0046DD7E,FUN_0046dd7e,"souls.exe function, 30 bytes"
0046DD9C,FUN_0046dd9c,"souls.exe function, 47 bytes"
0046DDD5,FUN_0046ddd5,"souls.exe function, 8 bytes"
0046DEB9,FUN_0046deb9,"souls.exe function, 83 bytes"
0046DF29,FUN_0046df29,"souls.exe function, 77 bytes"
0046DF76,FUN_0046df76,"souls.exe function, 11 bytes"
0046DF8B,FUN_0046df8b,"souls.exe function, 8 bytes"
0046DFA2,FUN_0046dfa2,"souls.exe function, 67 bytes"
0046DFED,FUN_0046dfed,"souls.exe function, 67 bytes"
0046E030,FUN_0046e030,"souls.exe function, 19 bytes"
0046E043,FUN_0046e043,"souls.exe function, 29 bytes"
0046E060,FUN_0046e060,"souls.exe function, 30 bytes"
0046E07E,FUN_0046e07e,"souls.exe function, 19 bytes"
0046E091,FUN_0046e091,"souls.exe function, 85 bytes"
0046E0E6,FUN_0046e0e6,"souls.exe function, 102 bytes"
0046E14C,FUN_0046e14c,"souls.exe function, 335 bytes"
0046E29B,FUN_0046e29b,"souls.exe function, 271 bytes"
0046E3AA,FUN_0046e3aa,"souls.exe function, 173 bytes"
0046E457,FUN_0046e457,"souls.exe function, 122 bytes"
0046E4D1,FUN_0046e4d1,"souls.exe function, 1650 bytes"
0046EB43,FUN_0046eb43,"souls.exe function, 75 bytes"
0046EB8E,FUN_0046eb8e,"souls.exe function, 106 bytes"
0046EBF8,FUN_0046ebf8,"souls.exe function, 177 bytes"
0046ECA9,FUN_0046eca9,"souls.exe function, 8 bytes"
0046ECBB,FUN_0046ecbb,"souls.exe function, 8 bytes"
0046ECC3,FUN_0046ecc3,"souls.exe function, 1285 bytes"
0046F1C8,FUN_0046f1c8,"souls.exe function, 8 bytes"
0046F1DA,FUN_0046f1da,"souls.exe function, 11 bytes"
0046F1E5,FUN_0046f1e5,"souls.exe function, 44 bytes"
0046F211,FUN_0046f211,"souls.exe function, 38 bytes"
0046F237,FUN_0046f237,"souls.exe function, 208 bytes"
0046F307,FUN_0046f307,"souls.exe function, 81 bytes"
0046F36F,FUN_0046f36f,"souls.exe function, 63 bytes"
0046F3AE,FUN_0046f3ae,"souls.exe function, 333 bytes"
0046F50E,FUN_0046f50e,"souls.exe function, 34 bytes"
0046F530,FUN_0046f530,"souls.exe function, 223 bytes"
0046F60F,TrophyRecordSize,trophies.txt runtime record size is 0x564 = 1380 bytes
0046F641,FUN_0046f641,"souls.exe function, 36 bytes"
0046F665,FUN_0046f665,"souls.exe function, 39 bytes"
0046F68C,FUN_0046f68c,"souls.exe function, 92 bytes"
0046F6E8,FUN_0046f6e8,"souls.exe function, 62 bytes"
0046F726,FUN_0046f726,"souls.exe function, 83 bytes"
0046F779,FUN_0046f779,"souls.exe function, 120 bytes"
0046F7F1,FUN_0046f7f1,"souls.exe function, 17 bytes"
0046F802,FUN_0046f802,"souls.exe function, 23 bytes"
0046F819,FUN_0046f819,"souls.exe function, 78 bytes"
0046F867,FUN_0046f867,"souls.exe function, 144 bytes"
0046F8F7,FUN_0046f8f7,"souls.exe function, 104 bytes"
0046F95F,FUN_0046f95f,"souls.exe function, 80 bytes"
0046F9AF,FUN_0046f9af,"souls.exe function, 87 bytes"
0046FA06,FUN_0046fa06,"souls.exe function, 41 bytes"
0046FA2F,FUN_0046fa2f,"souls.exe function, 26 bytes"
0046FA49,FUN_0046fa49,"souls.exe function, 62 bytes"
0046FA87,FUN_0046fa87,"souls.exe function, 62 bytes"
0046FAC5,FUN_0046fac5,"souls.exe function, 36 bytes"
0046FAE9,FUN_0046fae9,"souls.exe function, 117 bytes"
0046FB5E,FUN_0046fb5e,"souls.exe function, 147 bytes"
0046FBF1,FUN_0046fbf1,"souls.exe function, 211 bytes"
0046FCC4,FUN_0046fcc4,"souls.exe function, 211 bytes"
0046FD97,FUN_0046fd97,"souls.exe function, 49 bytes"
0046FDC8,FUN_0046fdc8,"souls.exe function, 39 bytes"
0046FDEF,FUN_0046fdef,"souls.exe function, 75 bytes"
0046FE3A,FUN_0046fe3a,"souls.exe function, 65 bytes"
0046FE7B,FUN_0046fe7b,"souls.exe function, 94 bytes"
0046FED9,FUN_0046fed9,"souls.exe function, 191 bytes"
0046FF98,FUN_0046ff98,"souls.exe function, 114 bytes"
0047002A,FUN_0047002a,"souls.exe function, 77 bytes"
00470077,FUN_00470077,"souls.exe function, 14 bytes"
0047008F,FUN_0047008f,"souls.exe function, 8 bytes"
004700A6,FUN_004700a6,"souls.exe function, 30 bytes"
004700D4,FUN_004700d4,"souls.exe function, 19 bytes"
004700F4,FUN_004700f4,"souls.exe function, 282 bytes"
0047020E,FUN_0047020e,"souls.exe function, 1 bytes"
0047020F,FUN_0047020f,"souls.exe function, 679 bytes"
004704C0,FUN_004704c0,"souls.exe function, 11 bytes"
004704CB,FUN_004704cb,"souls.exe function, 108 bytes"
00470537,FUN_00470537,"souls.exe function, 53 bytes"
004705A8,FUN_004705a8,"souls.exe function, 444 bytes"
00470764,FUN_00470764,"souls.exe function, 51 bytes"
00470797,FUN_00470797,"souls.exe function, 37 bytes"
004707BC,FUN_004707bc,"souls.exe function, 459 bytes"
00470999,FUN_00470999,"souls.exe function, 8 bytes"
00470A3B,FUN_00470a3b,"souls.exe function, 77 bytes"
00470A8E,FUN_00470a8e,"souls.exe function, 336 bytes"
00470BDE,FUN_00470bde,"souls.exe function, 240 bytes"
00470D82,FUN_00470d82,"souls.exe function, 30 bytes"
00470DA0,FUN_00470da0,"souls.exe function, 113 bytes"
00470E11,FUN_00470e11,"souls.exe function, 14 bytes"
00470E1F,FUN_00470e1f,"souls.exe function, 14 bytes"
00470E2D,FUN_00470e2d,"souls.exe function, 14 bytes"
00470E3B,FUN_00470e3b,"souls.exe function, 14 bytes"
00470E49,FUN_00470e49,"souls.exe function, 14 bytes"
00470E57,FUN_00470e57,"souls.exe function, 14 bytes"
00470E65,FUN_00470e65,"souls.exe function, 11 bytes"
00470E7A,FUN_00470e7a,"souls.exe function, 8 bytes"
00470E8E,FUN_00470e8e,"souls.exe function, 403 bytes"
00471021,FUN_00471021,"souls.exe function, 548 bytes"
00471245,FUN_00471245,"souls.exe function, 51 bytes"
00471279,FUN_00471279,"souls.exe function, 120 bytes"
004712F1,FUN_004712f1,"souls.exe function, 1438 bytes"
00471899,FUN_00471899,"souls.exe function, 11 bytes"
00471942,FUN_00471942,"souls.exe function, 391 bytes"
00471B43,FUN_00471b43,"souls.exe function, 170 bytes"
00471BED,FUN_00471bed,"souls.exe function, 300 bytes"
00471D23,FUN_00471d23,"souls.exe function, 8 bytes"
00471D2B,FUN_00471d2b,"souls.exe function, 356 bytes"
00471E8F,FUN_00471e8f,"souls.exe function, 231 bytes"
0047202A,FUN_0047202a,"souls.exe function, 121 bytes"
004720A3,FUN_004720a3,"souls.exe function, 14 bytes"
004720B1,FUN_004720b1,"souls.exe function, 14 bytes"
004720BF,FUN_004720bf,"souls.exe function, 14 bytes"
004720CD,FUN_004720cd,"souls.exe function, 14 bytes"
004720DB,FUN_004720db,"souls.exe function, 14 bytes"
004720E9,FUN_004720e9,"souls.exe function, 11 bytes"
004720FE,FUN_004720fe,"souls.exe function, 8 bytes"
0047218B,FUN_0047218b,"souls.exe function, 263 bytes"
00472292,FUN_00472292,"souls.exe function, 32 bytes"
004722B2,FUN_004722b2,"souls.exe function, 50 bytes"
0047231B,FUN_0047231b,"souls.exe function, 1215 bytes"
004727DA,FUN_004727da,"souls.exe function, 149 bytes"
00472879,FUN_00472879,"souls.exe function, 8 bytes"
00472881,FUN_00472881,"souls.exe function, 75 bytes"
004728E6,FUN_004728e6,"souls.exe function, 30 bytes"
00472904,FUN_00472904,"souls.exe function, 47 bytes"
0047293D,FUN_0047293d,"souls.exe function, 8 bytes"
00472957,FUN_00472957,"souls.exe function, 30 bytes"
00472975,FUN_00472975,"souls.exe function, 97 bytes"
004729FE,FUN_004729fe,"souls.exe function, 77 bytes"
00472A4B,FUN_00472a4b,"souls.exe function, 11 bytes"
00472A60,FUN_00472a60,"souls.exe function, 8 bytes"
00472AE0,FUN_00472ae0,"souls.exe function, 148 bytes"
00472B74,FUN_00472b74,"souls.exe function, 124 bytes"
00472C10,FUN_00472c10,"souls.exe function, 144 bytes"
00472CA0,FUN_00472ca0,"souls.exe function, 150 bytes"
00472D36,FUN_00472d36,"souls.exe function, 99 bytes"
00472D99,FUN_00472d99,"souls.exe function, 88 bytes"
00472DF1,FUN_00472df1,"souls.exe function, 41 bytes"
00472E1A,FUN_00472e1a,"souls.exe function, 1376 bytes"
0047337A,FUN_0047337a,"souls.exe function, 330 bytes"
004734C4,FUN_004734c4,"souls.exe function, 446 bytes"
00473682,FUN_00473682,"souls.exe function, 8 bytes"
00473694,FUN_00473694,"souls.exe function, 8 bytes"
0047369C,FUN_0047369c,"souls.exe function, 620 bytes"
00473908,FUN_00473908,"souls.exe function, 38 bytes"
0047392E,FUN_0047392e,"souls.exe function, 57 bytes"
00473967,FUN_00473967,"souls.exe function, 20 bytes"
0047397B,FUN_0047397b,"souls.exe function, 90 bytes"
004739D5,FUN_004739d5,"souls.exe function, 85 bytes"
00473A2A,FUN_00473a2a,"souls.exe function, 147 bytes"
00473B1D,FUN_00473b1d,"souls.exe function, 94 bytes"
00473B7B,FUN_00473b7b,"souls.exe function, 14 bytes"
00473B89,FUN_00473b89,"souls.exe function, 14 bytes"
00473B97,FUN_00473b97,"souls.exe function, 11 bytes"
00473BAC,FUN_00473bac,"souls.exe function, 8 bytes"
00473BFE,FUN_00473bfe,"souls.exe function, 40 bytes"
00473C4A,FUN_00473c4a,"souls.exe function, 147 bytes"
00473CDD,FUN_00473cdd,"souls.exe function, 47 bytes"
00473D0C,FUN_00473d0c,"souls.exe function, 8 bytes"
00473D20,FUN_00473d20,"souls.exe function, 235 bytes"
00473EAC,FUN_00473eac,"souls.exe function, 274 bytes"
00474057,FUN_00474057,"souls.exe function, 99 bytes"
004740D7,FUN_004740d7,"souls.exe function, 77 bytes"
00474124,FUN_00474124,"souls.exe function, 11 bytes"
00474139,FUN_00474139,"souls.exe function, 8 bytes"
00474162,FUN_00474162,"souls.exe function, 120 bytes"
0047421E,`scalar_deleting_destructor',"souls.exe function, 85 bytes"
00474273,FUN_00474273,"souls.exe function, 14 bytes"
00474281,FUN_00474281,"souls.exe function, 11 bytes"
00474296,FUN_00474296,"souls.exe function, 8 bytes"
004742DA,FUN_004742da,"souls.exe function, 22 bytes"
004742F0,FUN_004742f0,"souls.exe function, 41 bytes"
0047433D,FUN_0047433d,"souls.exe function, 47 bytes"
0047436C,FUN_0047436c,"souls.exe function, 8 bytes"
0047437E,FUN_0047437e,"souls.exe function, 55 bytes"
004743B5,FUN_004743b5,"souls.exe function, 51 bytes"
004743E8,FUN_004743e8,"souls.exe function, 387 bytes"
0047456C,FUN_0047456c,"souls.exe function, 290 bytes"
0047477A,FUN_0047477a,"souls.exe function, 139 bytes"
00474805,FUN_00474805,"souls.exe function, 14 bytes"
00474813,FUN_00474813,"souls.exe function, 14 bytes"
00474821,FUN_00474821,"souls.exe function, 14 bytes"
0047482F,FUN_0047482f,"souls.exe function, 14 bytes"
0047483D,FUN_0047483d,"souls.exe function, 14 bytes"
0047484B,FUN_0047484b,"souls.exe function, 14 bytes"
00474859,FUN_00474859,"souls.exe function, 14 bytes"
00474867,FUN_00474867,"souls.exe function, 11 bytes"
0047487C,FUN_0047487c,"souls.exe function, 8 bytes"
00474970,FUN_00474970,"souls.exe function, 193 bytes"
00474A3B,FUN_00474a3b,"souls.exe function, 8 bytes"
00474B85,FUN_00474b85,"souls.exe function, 178 bytes"
00474C37,FUN_00474c37,"souls.exe function, 122 bytes"
00474CBB,FUN_00474cbb,"souls.exe function, 8 bytes"
00474CC3,FUN_00474cc3,"souls.exe function, 205 bytes"
00474D90,FUN_00474d90,"souls.exe function, 185 bytes"
00474E49,FUN_00474e49,"souls.exe function, 88 bytes"
00474EA2,FUN_00474ea2,"souls.exe function, 84 bytes"
00474F59,FUN_00474f59,"souls.exe function, 127 bytes"
0047502C,FUN_0047502c,"souls.exe function, 234 bytes"
004751CA,FUN_004751ca,"souls.exe function, 130 bytes"
0047524C,FUN_0047524c,"souls.exe function, 14 bytes"
0047525A,FUN_0047525a,"souls.exe function, 14 bytes"
00475268,FUN_00475268,"souls.exe function, 14 bytes"
00475276,FUN_00475276,"souls.exe function, 14 bytes"
00475284,FUN_00475284,"souls.exe function, 14 bytes"
00475292,FUN_00475292,"souls.exe function, 11 bytes"
0047529D,FUN_0047529d,"souls.exe function, 11 bytes"
004752B2,FUN_004752b2,"souls.exe function, 8 bytes"
00475330,FUN_00475330,"souls.exe function, 44 bytes"
00475503,FUN_00475503,"souls.exe function, 64 bytes"
00475543,FUN_00475543,"souls.exe function, 19 bytes"
00475556,FUN_00475556,"souls.exe function, 320 bytes"
00475696,FUN_00475696,"souls.exe function, 109 bytes"
00475703,FUN_00475703,"souls.exe function, 498 bytes"
004758F5,FUN_004758f5,"souls.exe function, 35 bytes"
00475918,FUN_00475918,"souls.exe function, 690 bytes"
00475BCA,FUN_00475bca,"souls.exe function, 197 bytes"
00475C8F,FUN_00475c8f,"souls.exe function, 174 bytes"
00475D3D,FUN_00475d3d,"souls.exe function, 28 bytes"
00475D59,FUN_00475d59,"souls.exe function, 230 bytes"
00475E51,FUN_00475e51,"souls.exe function, 8 bytes"
00475EC3,FUN_00475ec3,"souls.exe function, 167 bytes"
00475FC2,`scalar_deleting_destructor',"souls.exe function, 85 bytes"
00476017,FUN_00476017,"souls.exe function, 14 bytes"
00476025,FUN_00476025,"souls.exe function, 14 bytes"
0047603D,FUN_0047603d,"souls.exe function, 8 bytes"
004760DC,FUN_004760dc,"souls.exe function, 223 bytes"
004761BB,FUN_004761bb,"souls.exe function, 177 bytes"
00476276,FUN_00476276,"souls.exe function, 8 bytes"
0047627E,FUN_0047627e,"souls.exe function, 267 bytes"
0047633C,FUN_0047633c,"souls.exe function, 11 bytes"
0047639E,FUN_0047639e,"souls.exe function, 11 bytes"
004763A9,FUN_004763a9,"souls.exe function, 41 bytes"
004763DC,FUN_004763dc,"souls.exe function, 8 bytes"
004763E4,FUN_004763e4,"souls.exe function, 41 bytes"
00476417,FUN_00476417,"souls.exe function, 8 bytes"
0047641F,FUN_0047641f,"souls.exe function, 65 bytes"
00476460,FUN_00476460,"souls.exe function, 47 bytes"
0047648F,FUN_0047648f,"souls.exe function, 60 bytes"
004764CB,CreateObject,"souls.exe function, 77 bytes"
00476537,FUN_00476537,"souls.exe function, 96 bytes"
004765B7,FUN_004765b7,"souls.exe function, 30 bytes"
004765D5,FUN_004765d5,"souls.exe function, 60 bytes"
00476611,FUN_00476611,"souls.exe function, 14 bytes"
00476629,FUN_00476629,"souls.exe function, 8 bytes"
00476655,FUN_00476655,"souls.exe function, 45 bytes"
00476682,CreateObject,"souls.exe function, 77 bytes"
004766EE,PickSoulWndCtor,"Pick a Soul custom CWnd ctor (0x638 bytes: Available Souls list, Purge Soul, New Soul)"
004768B0,FUN_004768b0,"souls.exe function, 30 bytes"
004768CE,FUN_004768ce,"souls.exe function, 113 bytes"
0047693F,FUN_0047693f,"souls.exe function, 14 bytes"
0047694D,FUN_0047694d,"souls.exe function, 14 bytes"
0047695B,FUN_0047695b,"souls.exe function, 14 bytes"
00476969,FUN_00476969,"souls.exe function, 14 bytes"
00476977,FUN_00476977,"souls.exe function, 14 bytes"
00476985,FUN_00476985,"souls.exe function, 14 bytes"
00476993,FUN_00476993,"souls.exe function, 14 bytes"
004769AB,FUN_004769ab,"souls.exe function, 8 bytes"
004769BF,PickSoulOnInit,"Pick a Soul OnInit: creates the list control, buttons and brush"
00476B58,PickSoulPaint,"Pick a Soul paint: pickSoulLabel.jpg and redButtons.bmp, scaled into the dialog"
00476DCC,FUN_00476dcc,"souls.exe function, 47 bytes"
00476DFB,FUN_00476dfb,"souls.exe function, 8 bytes"
00476F4C,PickSoulClick,Pick a Soul click handler
00476FC8,FUN_00476fc8,"souls.exe function, 74 bytes"
00477012,FUN_00477012,"souls.exe function, 78 bytes"
00477060,RefreshSoulList,Refreshes the soul list from Save\<World>\savedHeroes\* (name truncated at the last dot)
004771BD,FUN_004771bd,"souls.exe function, 8 bytes"
004771C5,SoulSelectionChanged,Loads the selected soul row via FUN_004181a2 and marks it loaded-but-not-incarnated
00477461,DeleteSoulFile,Deletes an existing soul .her (duplicate-name prompt option)
004776A9,FUN_004776a9,"souls.exe function, 364 bytes"
00477827,FUN_00477827,"souls.exe function, 8 bytes"
0047782F,FUN_0047782f,"souls.exe function, 158 bytes"
0047791E,`scalar_deleting_destructor',"souls.exe function, 30 bytes"
0047793C,~CCommandLineInfo,"souls.exe function, 86 bytes"
00477992,FUN_00477992,"souls.exe function, 24 bytes"
004779AA,FUN_004779aa,"souls.exe function, 14 bytes"
004779B8,FUN_004779b8,"souls.exe function, 14 bytes"
004779C6,FUN_004779c6,"souls.exe function, 11 bytes"
004779DB,FUN_004779db,"souls.exe function, 8 bytes"
00477A74,DrawStatusBars,Battle status bars (HP/MP/XP gauges) on the scene panel
00477BEB,FormatNumberK,"Numeric formatting: <10000 as %d, <1e6 as %dK, else %d.%dM"
00477C6B,BattlePanelDraw,Bottom battle panel: the button bar and the two status bars
004783C7,FUN_004783c7,"souls.exe function, 8 bytes"
004783CF,FUN_004783cf,"souls.exe function, 8 bytes"
004783E1,FUN_004783e1,"souls.exe function, 11 bytes"
004783EC,FUN_004783ec,"souls.exe function, 97 bytes"
0047844D,PanelPaintFamily,UI panel paint family (the 0x4782xx/0x4783xx paint loop)
004785DD,FUN_004785dd,"souls.exe function, 19 bytes"
004785F0,FUN_004785f0,"souls.exe function, 115 bytes"
00478673,ButtonBarRegister,"Registers a button-bar slot (index,bmp,state,flag,parentHwnd,msgId)"
0047876B,ButtonBarHitTest,PtInRect hit-test over all 10 button-bar slots
004787B2,ButtonBarSlotRect,"Button-bar slot rect: 48x48 cells, 51 px pitch, laid out right to left"
0047880E,FUN_0047880e,"souls.exe function, 50 bytes"
00478840,RegenGauges,"Regeneration/attack gauges, runs on the panel timer"
004789D5,ButtonBarConfig,"Configures the button bar for a panel/mode (Well, scene, FIGHT)"
00478C6F,ButtonBarFire,"Fires a button-bar slot: SendMessage(parentHwnd,msg,0,0)"
00478D00,FUN_00478d00,"souls.exe function, 83 bytes"
00478D53,FUN_00478d53,"souls.exe function, 106 bytes"
00478DBD,FUN_00478dbd,"souls.exe function, 71 bytes"
00478E04,FUN_00478e04,"souls.exe function, 86 bytes"
00478E5A,ButtonBarFightExtra,FIGHT button-bar extra: the Flee/Exit slot
00478EAC,FUN_00478eac,"souls.exe function, 147 bytes"
00478F9B,FUN_00478f9b,"souls.exe function, 30 bytes"
00478FB9,FUN_00478fb9,"souls.exe function, 68 bytes"
00478FFD,FUN_00478ffd,"souls.exe function, 11 bytes"
00479008,FUN_00479008,"souls.exe function, 11 bytes"
0047901D,FUN_0047901d,"souls.exe function, 8 bytes"
00479031,FUN_00479031,"souls.exe function, 140 bytes"
00479102,FUN_00479102,"souls.exe function, 19 bytes"
00479115,InterpClearMain,END: clears the sub-interpreters (with FUN_0047929f) and returns state 3
00479120,CallStackFullCheck,CALL stack-full check (*** CALL STACK FULL ***)
00479165,FUN_00479165,"souls.exe function, 69 bytes"
004791AA,CallPush,CALL: pushes the current line and jumps to the label
0047929F,InterpClearSub,END: second sub-interpreter clear
004792D1,CookiePush,PUSH cookie
0047933A,CookiePop,POP cookie
0047938B,FUN_0047938b,"souls.exe function, 47 bytes"
004793BA,FUN_004793ba,"souls.exe function, 13 bytes"
004793C7,FUN_004793c7,"souls.exe function, 212 bytes"
0047949B,FUN_0047949b,"souls.exe function, 110 bytes"
00479509,StatAlgorithmFallback,Replaces a missing monster stat with value*percentage (algorithm-from-level fallback)
00479531,FUN_00479531,"souls.exe function, 99 bytes"
00479594,TextFileRead,"Reads a quest.txt/text file into the flat buffer, recursing on #include"
0047977A,TextSplice,Part of the quest.txt loader chain: splices included files into the flat text buffer
0047983E,FUN_0047983e,"souls.exe function, 60 bytes"
0047987A,FUN_0047987a,"souls.exe function, 47 bytes"
004798A9,LineSplit,Splits the flat quest.txt buffer into a line-pointer array
004799B3,SectionMatch,Pairs the +/- section markers of quest.txt
00479A02,TableDispatcher,Runs the quest.txt table parsers over their line ranges (maps/monsters/items/spells/...)
00479FC4,EquipTerrainCapability,"Scans 14 equip slots for terrain/fly/speed capabilities (item+0x2E4); bit 2 = fly, bit 1 = 2x speed"
0047A0E4,TokenizeLine,The quest.txt lexer: tokenizes one script line
0047A1BC,FUN_0047a1bc,"souls.exe function, 235 bytes"
0047A2A7,EnterScene,Enters scene N: locates and runs its SCENE block
0047A6B0,KeywordDispatch,Keyword dispatch of the script interpreter (case 0x27 is the apostrophe text token)
0047A77B,GotoLabel,GOTO label resolution; may carry a scene number
0047A871,FUN_0047a871,"souls.exe function, 172 bytes"
0047A91D,CookieFileWrite,"Cookie file write (seed 0x89AD23F1, rotate (i*3) % 24)"
0047A972,CookieFileRead,Cookie file read/verify; a mismatch marks the sample
0047A9C0,FUN_0047a9c0,"souls.exe function, 53 bytes"
0047A9F5,FUN_0047a9f5,"souls.exe function, 274 bytes"
0047AB07,CookieSet,SET: writes a cookie (also used by SET_LEN and SET_LOWER)
0047AFF3,FUN_0047aff3,"souls.exe function, 52 bytes"
0047B027,FUN_0047b027,"souls.exe function, 28 bytes"
0047B043,FUN_0047b043,"souls.exe function, 92 bytes"
0047B09F,FUN_0047b09f,"souls.exe function, 359 bytes"
0047B206,FUN_0047b206,"souls.exe function, 689 bytes"
0047B4B7,FUN_0047b4b7,"souls.exe function, 355 bytes"
0047B61A,FUN_0047b61a,"souls.exe function, 1919 bytes"
0047BD99,NumTimeCookie,num.time / num.serverTime<n> stock cookie
0047BE8C,FUN_0047be8c,"souls.exe function, 475 bytes"
0047C067,FUN_0047c067,"souls.exe function, 381 bytes"
0047C1E4,MarkMonsterSeen,Marks a monster id as seen in the save file (DAT_0067fc00[id*4] = 1)
0047C20F,FUN_0047c20f,"souls.exe function, 622 bytes"
0047C47D,FUN_0047c47d,"souls.exe function, 156 bytes"
0047C519,GenderIniRead,Reads worlds\<World>\gender.ini section i key menu= for the gender combo
0047C5C5,ConfigIniRead,Reads config.ini [General] keys from %s\worlds\%s\config.ini
0047C63F,FUN_0047c63f,"souls.exe function, 66 bytes"
0047C681,HeroHouseSlot,Hero class/house slot helper (hero+0xAA0)
0047C6DA,StockCookieResolve,Resolves a #<name> stock cookie name into a value string (read-only)
0047CFDE,ChatBubblePush,Pushes a fully-expanded string into the scene chat/bubble channel
0047D192,FUN_0047d192,"souls.exe function, 39 bytes"
0047D1B9,FUN_0047d1b9,"souls.exe function, 38 bytes"
0047D1DF,CookieArith,ADD/SUB/MUL/DIV/MOD cookie arithmetic; the result is also the condition code
0047D374,CookieBitwise,AND/OR/XOR/NOT cookie bitwise ops; the result is also the condition code
0047D40A,FUN_0047d40a,"souls.exe function, 90 bytes"
0047D464,Sound3DPlay,"SOUND opcode: plays a wav (mode 1 = 3D positional, 2 = all, else normal)"
0047D49C,GetServerVar,GET_SERVER_VAR: reads a server/global variable
0047D577,ScriptInterpreter,The main quest.txt script interpreter loop
0047FC6D,SpellRecordSize,spells.txt runtime record size: 0x188 = 392 bytes
0047FC98,FUN_0047fc98,"souls.exe function, 18 bytes"
0047FCAA,FUN_0047fcaa,"souls.exe function, 67 bytes"
0047FCED,SpellsParser,+SPELLS table parser (spells.txt)
00480439,FUN_00480439,"souls.exe function, 13 bytes"
00480446,FUN_00480446,"souls.exe function, 83 bytes"
00480499,SpawnMonster,"Spawns a monster into the fight: slot alloc, side, init; negative FIGHT id = ally"
004807A8,FUN_004807a8,"souls.exe function, 43 bytes"
004807D3,MonsterXpBase,XP for a monster of level L (fallback for monsters.txt expPts)
00480875,MonsterXpAward,"Actual XP award: rand()*xp/level, clamped to [0,60000]"
004808E5,MonsterHpAlgo,Monsters.txt algorithm-from-level HP percentage: 0x48A/100 = x1.162
004808F8,MonsterMpAlgo,Monsters.txt algorithm-from-level MP percentage: 0x201/100 = x2.010
0048090B,MonsterOffenseAlgo,Monsters.txt algorithm-from-level offense percentage: 0x237/100 = x2.310
0048091E,MonsterDefenseAlgo,Monsters.txt algorithm-from-level defense percentage: 0x342/100 = x3.338
00480931,FUN_00480931,"souls.exe function, 18 bytes"
00480943,MonsterTableValid,Returns 0 if the monster table changed under us (id re-check)
00480986,FUN_00480986,"souls.exe function, 29 bytes"
004809A3,MonstersParser,"monsters.txt loader: 584-byte records, 21 args, arg20 is an AI string"
00481171,FUN_00481171,"souls.exe function, 46 bytes"
0048119F,FUN_0048119f,"souls.exe function, 18 bytes"
004811B1,TrophiesParser,+TROPHIES table parser (0x564-byte records)
00481479,FUN_00481479,"souls.exe function, 46 bytes"
004814A7,FUN_004814a7,"souls.exe function, 43 bytes"
004814D2,TokensParser,+TOKENS parser: id 0..4095 with a description string
00481654,InlineTokenPass,Second pass counting the inline TOKEN lines inside +SCENES and injecting them
004817C3,FUN_004817c3,"souls.exe function, 27 bytes"
004817DE,FUN_004817de,"souls.exe function, 210 bytes"
004818B0,FUN_004818b0,"souls.exe function, 136 bytes"
00481938,FUN_00481938,"souls.exe function, 285 bytes"
00481A55,FUN_00481a55,"souls.exe function, 117 bytes"
00481ACA,FUN_00481aca,"souls.exe function, 243 bytes"
00481BBD,FUN_00481bbd,"souls.exe function, 432 bytes"
00481D6D,FUN_00481d6d,"souls.exe function, 541 bytes"
00481F8A,TerrainsParser,+TERRAINS parser into the 10-entry table at DAT_005ea618 (stride 0x45 dwords)
00482116,FUN_00482116,"souls.exe function, 100 bytes"
0048219A,ElementsParser,+ELEMENTS table parser
004823C4,FUN_004823c4,"souls.exe function, 109 bytes"
00482431,ItemClassLabel,Item-class to label string table (cases 0..13 on itemClass-10)
004824B4,EquipTypesParser,+EQUIP TYPES table parser
004825BF,FUN_004825bf,"souls.exe function, 32 bytes"
004825DF,HandsParser,+HANDS table parser
0048282E,SoundThemesParser,"+THEMES parser: id, name, loopSound, seconds=sound one-shots (custom sound ids via FUN_00429BCC)"
00482A58,FUN_00482a58,"souls.exe function, 31 bytes"
00482A77,FUN_00482a77,"souls.exe function, 14 bytes"
00482A9F,FUN_00482a9f,"souls.exe function, 72 bytes"
00482B0D,FUN_00482b0d,"souls.exe function, 54 bytes"
00482B43,FUN_00482b43,"souls.exe function, 14 bytes"
00482B5B,FUN_00482b5b,"souls.exe function, 14 bytes"
00482B69,FUN_00482b69,"souls.exe function, 79 bytes"
00482BB8,FUN_00482bb8,"souls.exe function, 19 bytes"
00482BCB,FUN_00482bcb,"souls.exe function, 137 bytes"
00482C54,MapsParser,"+MAPS / maps.txt parser (256-byte records, ids 0..999, duplicate name checks)"
00482F41,FUN_00482f41,"souls.exe function, 43 bytes"
00482F6C,FUN_00482f6c,"souls.exe function, 18 bytes"
00482F7E,FUN_00482f7e,"souls.exe function, 67 bytes"
00482FC1,ItemsParser,"items.txt loader: ids 1..5119 (id < 1024 = stackable), clamps, class max PP"
004835F9,ItemsTableChecksum,Checksums the items table and mirrors it to DAT_00911B58 to detect changes (240 s throttle)
00483686,GroupsParser,"+GROUPS parser: 4096 records x 44 B at DAT_008e5b58, id 0 sets the not-random switch"
0048384C,FUN_0048384c,"souls.exe function, 312 bytes"
00483984,LevelsParser,"levels.txt/class table parser: 0x1ACD0-byte records, 89 classes, key = class*100 + level"
0048479F,FUN_0048479f,"souls.exe function, 46 bytes"
004847CD,PercentSubstitute,Resolver for the % substitutions in script strings
00484B3E,NextArg,Universal get-next-argument routine used by the script opcodes
00484CBC,FUN_00484cbc,"souls.exe function, 127 bytes"
00484D3B,FUN_00484d3b,"souls.exe function, 23 bytes"
00484D52,FUN_00484d52,"souls.exe function, 288 bytes"
00484E72,ItemNameResolve,Resolves an item id to its name string (also used by OFFER2 and MISSIONS)
004851F1,FUN_004851f1,"souls.exe function, 1466 bytes"
00485847,FUN_00485847,"souls.exe function, 110 bytes"
004858B5,FUN_004858b5,"souls.exe function, 237 bytes"
004859A2,FUN_004859a2,"souls.exe function, 100 bytes"
00485A06,StoryScroller,"Draws +STORY text scrolled 1 px / 35 ms; returns 0 once no line intersects the view"
00485E31,FUN_00485e31,"souls.exe function, 8 bytes"
00485E39,FUN_00485e39,"souls.exe function, 60 bytes"
00485E75,ActorSetPoses,"POSE p [,p2,p3]: the three idle frames (missing ones repeat p), stamp, dwell 0, idle state 1"
00485F21,NpcIdlePoses,Cycles idle poses 1/2/3 for NPCs on a 200 ms tick with a 0..14 frame dwell
00485FF5,FUN_00485ff5,"souls.exe function, 206 bytes"
004860C3,FUN_004860c3,"souls.exe function, 12 bytes"
004860CF,FUN_004860cf,"souls.exe function, 17 bytes"
004860E0,FUN_004860e0,"souls.exe function, 17 bytes"
004860F1,FUN_004860f1,"souls.exe function, 215 bytes"
004861C8,FUN_004861c8,"souls.exe function, 121 bytes"
00486241,FUN_00486241,"souls.exe function, 353 bytes"
004863D0,PictureCtor,0x18-byte Picture ctor (BITMAPINFO* plus DIB bits)
00486440,FUN_00486440,"souls.exe function, 30 bytes"
00486460,PictureDtor,Picture destructor
004864B3,FUN_004864b3,"souls.exe function, 8 bytes"
004864C0,BitmapHeight,abs(biHeight) of a BITMAPINFOHEADER; also the filmstrip cell size
004864E0,CreateDibSection,Creates an 8bpp BI_RGB DIB section (BITMAPINFOHEADER with biBitCount = 8)
00486640,AttachPalette,Attaches the file palette to the DIB/picture
00486690,LoadImage,Generic image loader: sniffs the magic and returns a CBitmap* (BMP/RLE or JPEG)
00486751,FUN_00486751,"souls.exe function, 8 bytes"
00486763,FUN_00486763,"souls.exe function, 8 bytes"
00486770,ImageFileDispatch,MFC CFile::Open plus version word plus dispatch to the BMP or JPEG reader
004867C0,FUN_004867c0,"souls.exe function, 220 bytes"
0048689C,FUN_0048689c,"souls.exe function, 8 bytes"
004868AE,FUN_004868ae,"souls.exe function, 8 bytes"
004868C0,FUN_004868c0,"souls.exe function, 96 bytes"
00486A60,FUN_00486a60,"souls.exe function, 699 bytes"
00486D20,BlitSprite,Software sprite blitter with colour key (bottom-left pixel) and effect modes
00487350,FUN_00487350,"souls.exe function, 324 bytes"
004874A0,SceneBackdropFx,"Backdrop blit into the view with the scene fx: 0 plain, 1 sine shimmer, 2 lake reflection below param% of the height, 3..5 scanlines/jitter/quake"
00487AD0,StretchBlit,Stretch-blits a picture into a destination rect
00487D76,FUN_00487d76,"souls.exe function, 8 bytes"
00487D80,FUN_00487d80,"souls.exe function, 396 bytes"
00487F10,FUN_00487f10,"souls.exe function, 256 bytes"
00488010,FUN_00488010,"souls.exe function, 102 bytes"
00488080,BmpLoad,BMP/RLE (v1) reader for palettised 8bpp images
004884D0,FUN_004884d0,"souls.exe function, 8 bytes"
004884D8,FUN_004884d8,"souls.exe function, 8 bytes"
004884E0,FUN_004884e0,"souls.exe function, 8 bytes"
00488502,FUN_00488502,"souls.exe function, 8 bytes"
00488510,JpegLoad,JPEG (v2) reader via MFC serialisation
00488912,FUN_00488912,"souls.exe function, 11 bytes"
0048891D,FUN_0048891d,"souls.exe function, 8 bytes"
0048892F,FUN_0048892f,"souls.exe function, 8 bytes"
00488940,FUN_00488940,"souls.exe function, 228 bytes"
00488A52,FUN_00488a52,"souls.exe function, 8 bytes"
00488A60,FUN_00488a60,"souls.exe function, 678 bytes"
00488D47,FUN_00488d47,"souls.exe function, 8 bytes"
00488D50,FUN_00488d50,"souls.exe function, 95 bytes"
00488DB0,FUN_00488db0,"souls.exe function, 806 bytes"
00489119,FUN_00489119,"souls.exe function, 8 bytes"
00489121,FUN_00489121,"souls.exe function, 8 bytes"
00489133,FUN_00489133,"souls.exe function, 8 bytes"
00489140,PaletteCount,Number of palette entries (nClr) from the BMP header
004891A0,FillPalette,"Fills the palette from the file entries (system colours, RGB order)"
00489280,FUN_00489280,"souls.exe function, 231 bytes"
00489370,ReadPalette,Reads the LOGPALETTE (0x300) from the file palette
004894C0,ImageTypeSniff,"Version/magic word: 1 = BMP/RLE, 2 = JPEG"
0048955B,FUN_0048955b,"souls.exe function, 8 bytes"
00489570,IsBmpOrJpeg,"Sniffer: BM + >=14 bytes = BMP, else a JPEG SOI marker anywhere = JPG"
004895D0,FUN_004895d0,"souls.exe function, 163 bytes"
00489690,FUN_00489690,"souls.exe function, 8 bytes"
00489735,FUN_00489735,"souls.exe function, 8 bytes"
00489804,FUN_00489804,"souls.exe function, 8 bytes"
00489899,FUN_00489899,"souls.exe function, 8 bytes"
004899DF,FUN_004899df,"souls.exe function, 8 bytes"
004899E7,FUN_004899e7,"souls.exe function, 70 bytes"
00489A37,FUN_00489a37,"souls.exe function, 8 bytes"
00489A3F,FUN_00489a3f,"souls.exe function, 47 bytes"
00489A78,FUN_00489a78,"souls.exe function, 8 bytes"
00489A80,FUN_00489a80,"souls.exe function, 70 bytes"
00489AD0,FUN_00489ad0,"souls.exe function, 8 bytes"
00489AD8,FUN_00489ad8,"souls.exe function, 47 bytes"
00489B11,FUN_00489b11,"souls.exe function, 8 bytes"
00489B3F,FUN_00489b3f,"souls.exe function, 47 bytes"
00489B78,FUN_00489b78,"souls.exe function, 8 bytes"
00489B80,FUN_00489b80,"souls.exe function, 306 bytes"
00489DA4,FUN_00489da4,"souls.exe function, 30 bytes"
00489DC2,FUN_00489dc2,"souls.exe function, 136 bytes"
00489E4A,FUN_00489e4a,"souls.exe function, 14 bytes"
00489E58,FUN_00489e58,"souls.exe function, 14 bytes"
00489E66,FUN_00489e66,"souls.exe function, 14 bytes"
00489E74,FUN_00489e74,"souls.exe function, 14 bytes"
00489E82,FUN_00489e82,"souls.exe function, 14 bytes"
00489E90,FUN_00489e90,"souls.exe function, 14 bytes"
00489E9E,FUN_00489e9e,"souls.exe function, 14 bytes"
00489EAC,FUN_00489eac,"souls.exe function, 14 bytes"
00489EC4,FUN_00489ec4,"souls.exe function, 8 bytes"
00489ECC,FUN_00489ecc,"souls.exe function, 26 bytes"
00489EF2,FUN_00489ef2,"souls.exe function, 32 bytes"
00489F12,FUN_00489f12,"souls.exe function, 188 bytes"
00489FCE,FUN_00489fce,"souls.exe function, 57 bytes"
0048A007,FUN_0048a007,"souls.exe function, 18 bytes"
0048A019,FUN_0048a019,"souls.exe function, 18 bytes"
0048A02B,FUN_0048a02b,"souls.exe function, 22 bytes"
0048A041,FUN_0048a041,"souls.exe function, 30 bytes"
0048A05F,JpegResizeExternal,"ShellExecuteEx cresizer.exe into temp\sceneCache, then Sleep(50), WaitForSingleObject(5000), Sleep(100) on the UI thread"
0048A1A7,SceneBackgroundLoad,Loads the scene background jpg (world/scenes then scenes) with a temp/sceneCache cache
0048A316,StateBackgroundLoad,Sets a front-end state's background image (view+0x34A8)
0048A3A5,FUN_0048a3a5,"souls.exe function, 153 bytes"
0048A43E,FUN_0048a43e,"souls.exe function, 22 bytes"
0048A454,FUN_0048a454,"souls.exe function, 22 bytes"
0048A46A,FUN_0048a46a,"souls.exe function, 192 bytes"
0048A52A,FUN_0048a52a,"souls.exe function, 258 bytes"
0048A62C,BkgndOpcode,BKGND <jpg> opcode; supports name.WIDTH.HORIZON
0048A658,WeatherOpcode,WEATHER n opcode (visuals unsupported in the port)
0048A67B,FxOpcode,FX n opcode (visuals unsupported)
0048A69E,HtmlOpcode,"HTML opcode: opens the browser view, returns state 10"
0048A7A1,LockOpcode,LOCK 0/1 opcode
0048A7DA,ColorOpcode,COLOR opcode: colour/palette table selection (string uppercased first)
0048A8AE,FaceOpcode,"FACE actorId,dir opcode"
0048A95E,FUN_0048a95e,"souls.exe function, 39 bytes"
0048A98D,FUN_0048a98d,"souls.exe function, 60 bytes"
0048A9C9,FUN_0048a9c9,"souls.exe function, 26 bytes"
0048A9E3,FUN_0048a9e3,"souls.exe function, 37 bytes"
0048AA08,FUN_0048aa08,"souls.exe function, 19 bytes"
0048AA1B,FUN_0048aa1b,"souls.exe function, 11 bytes"
0048AA26,FUN_0048aa26,"souls.exe function, 28 bytes"
0048AA42,CameraFollowAttacker,Battle camera eases toward the current attacker
0048AADA,BattleCameraEase,"Battle camera easing, clamped to [0,360]"
0048AC24,FUN_0048ac24,"souls.exe function, 38 bytes"
0048AC4A,FUN_0048ac4a,"souls.exe function, 488 bytes"
0048AE32,FUN_0048ae32,"souls.exe function, 81 bytes"
0048AE83,FUN_0048ae83,"souls.exe function, 105 bytes"
0048AEEC,FUN_0048aeec,"souls.exe function, 100 bytes"
0048AF50,GetRightHandWeapon,Returns the equipped right-hand item's field +0x98 (0 when no weapon is equipped)
0048AF7D,FUN_0048af7d,"souls.exe function, 106 bytes"
0048AFE7,MonsterFlagTest,monsters.txt arg3 flag test (e.g. flag 32 = never flee)
0048B020,ValidTargetClick,Validates the clicked combatant as the current target
0048B069,GaugeHealValue,heal = (gauge+15)*attribute/30: value of the attack-gauge heal
0048B07F,FUN_0048b07f,"souls.exe function, 72 bytes"
0048B0C7,FUN_0048b0c7,"souls.exe function, 56 bytes"
0048B0FF,FUN_0048b0ff,"souls.exe function, 26 bytes"
0048B119,FUN_0048b119,"souls.exe function, 35 bytes"
0048B13C,FUN_0048b13c,"souls.exe function, 47 bytes"
0048B16B,FUN_0048b16b,"souls.exe function, 15 bytes"
0048B17A,HeroCanAct,Gate for hero actions: [0x38C] == 0x5F and at least 500 ms since the round started
0048B1AD,SceneOnLButtonDown,Scene window WM_LBUTTONDOWN: player input/target mode; also resets the attack gauge
0048C220,FUN_0048c220,"souls.exe function, 28 bytes"
0048C23C,FUN_0048c23c,"souls.exe function, 38 bytes"
0048C27E,FUN_0048c27e,"souls.exe function, 243 bytes"
0048C371,FUN_0048c371,"souls.exe function, 37 bytes"
0048C396,FUN_0048c396,"souls.exe function, 549 bytes"
0048C5FE,GameOpcode,GAME n opcode (mini-game); non-zero means the next line is the button label
0048C8BC,FUN_0048c8bc,"souls.exe function, 8 bytes"
0048C8C4,SceneTick,"Scene view tick, 50 ms gate at view+0xF8: battle state machine, camera, SceneTickRand, InvalidateRect"
0048CA8E,FUN_0048ca8e,"souls.exe function, 42 bytes"
0048CAB8,Arg5DottedParse,Parses the dotted tail of arg5 (item/spell art reference)
0048CB3C,FUN_0048cb3c,"souls.exe function, 138 bytes"
0048CBC6,FUN_0048cbc6,"souls.exe function, 300 bytes"
0048CCF2,AttackPathDecode,Decodes attackPath.imageID.flags.weather.effect into five 6-bit fields plus a duration
0048CDF3,ProjectileMover,Moves a projectile sprite along sin(elapsed/duration*PI) from attacker to target
0048D40B,FUN_0048d40b,"souls.exe function, 1211 bytes"
0048D8C6,FUN_0048d8c6,"souls.exe function, 46 bytes"
0048D8F4,SkinSizeTweak,"Size tweak for monster skins (owner -1 only, scale < 9)"
0048DAD9,NormaliseSkinBorders,Paints the 1 px cell borders and the top 2 shadow rows with the transparency key
0048DD7D,ValidateSkinSheet,"Skin validator: needs h > 35 and a pure key-colour band, else fall back to josh1"
0048DE8D,ResolveSkinPath,<root>\worlds\<W>\monsters\<name>.bmp then <root>\monsters\<name>.bmp; mirror = own skin
0048DF3C,LoadMonsterSkin,"Monster skin loader: builds the 0x6E0 skin record, cell count = width/height"
0048E16E,ClearCombatant,Clears a combatant record ([0x38C] = 0x2F) or pulls in a hero's escorts
0048E19A,SceneInitTables,Allocates the 144-slot combatant block (0x3E0A0) and sets the gauge timers to 25
0048E2EF,DeathDetect,Death detection while applying damage (roll < 1 && !noDeathFlag)
0048E4D9,TeamLegality,Team/PvP legality test for target selection
0048E62C,PickTarget,Builds the list of legal enemy slots and returns a uniformly random one
0048E773,FUN_0048e773,"souls.exe function, 157 bytes"
0048E810,FUN_0048e810,"souls.exe function, 979 bytes"
0048EBE3,FUN_0048ebe3,"souls.exe function, 464 bytes"
0048EDB3,FUN_0048edb3,"souls.exe function, 371 bytes"
0048EF26,IsCombatantAlive,Alive test for a combatant
0048EF3C,FUN_0048ef3c,"souls.exe function, 3 bytes"
0048EF3F,FUN_0048ef3f,"souls.exe function, 1061 bytes"
0048F364,FUN_0048f364,"souls.exe function, 339 bytes"
0048F4B7,FUN_0048f4b7,"souls.exe function, 181 bytes"
0048F56C,FUN_0048f56c,"souls.exe function, 634 bytes"
0048F7E6,FUN_0048f7e6,"souls.exe function, 48 bytes"
0048F816,CowardiceCheck,"Monster cowardice/flee check: rolls r1,r2 -> flee chance (r1-r2)*100/500"
0048F913,NextActor,Rotating-cursor actor picker over the 144 slots; also clamps ground y >= 0x80
0048FD90,BattleWinLoss,"Win/loss test: positive result (surviving players, no monsters) = win"
0048FE21,RandomGrowl,Picks a random standard growl when the monster defines none
0048FE48,FUN_0048fe48,"souls.exe function, 56 bytes"
0048FE80,AnnounceAttack,Sets the shared current-attack block and starts the attack animation
004904EB,HitRoll,To-hit roll (miss = target agility - attacker dexterity)
00490645,RepickTarget,Re-picks a target or spell if the current one died
004906CD,FUN_004906cd,"souls.exe function, 8 bytes"
004906D5,FUN_004906d5,"souls.exe function, 78 bytes"
00490723,ActorTurn,One actor acts; returns state 5 to start a new round (rounds bounded to 2 s)
0049099B,PickRandomMonsterGroups,PickRandomMonster from groups.txt (logged as PickRandomMonster link %d ...)
00490BAA,FUN_00490baa,"souls.exe function, 77 bytes"
00490BF7,FUN_00490bf7,"souls.exe function, 102 bytes"
00490C5D,FUN_00490c5d,"souls.exe function, 135 bytes"
00490CE4,FUN_00490ce4,"souls.exe function, 66 bytes"
00490D26,FUN_00490d26,"souls.exe function, 68 bytes"
00490D6A,FUN_00490d6a,"souls.exe function, 230 bytes"
00490E50,FUN_00490e50,"souls.exe function, 44 bytes"
00490E7C,BattleStateMachine,Round-based real-time battle state machine (state at view+0x84)
004915ED,AttackInterpolate,Interpolates actor/attack positions every frame
0049175C,FUN_0049175c,"souls.exe function, 11 bytes"
00491767,SceneRunByNumber,Runs scene N; the same path used for the Well (scene 0) and camp (scene 1)
00491A77,FUN_00491a77,"souls.exe function, 243 bytes"
00491B6A,FUN_00491b6a,"souls.exe function, 77 bytes"
00491BB7,RecomputeDerivedStats,Recomputes a combatant's derived stats
00491BD1,DesyncCheck,Desync check: asserts hero+0x680..0x690 == combatant+0x42C..0x43C
00491E45,AllocCombatant,"Allocates a combatant slot (144 records, reuse by id, else first free)"
0049210A,FUN_0049210a,"souls.exe function, 606 bytes"
00492368,FUN_00492368,"souls.exe function, 90 bytes"
004923C2,ActorPlaceAuto,"ACTOR with x,y omitted: places the actor automatically"
004923EC,ActorPlaceXY,"ACTOR with x,y: places the actor at that position"
00492563,ActorMoveTo,"MOVE opcode: target x,y in percent (mode 1 = teleport, 2..5 = 2x..5x walk speed)"
00492655,FUN_00492655,"souls.exe function, 403 bytes"
004927F2,FUN_004927f2,"souls.exe function, 8 bytes"
004927FA,DrawBehindActors,Scene paint pass 1: backgrounds and behind-actor effects
004928F7,DrawEffectOverlay,Effect overlay sprite draw (part of the 0x4928f7/fa/fd trio)
004928FA,FUN_004928fa,"souls.exe function, 3 bytes"
004928FD,FUN_004928fd,"souls.exe function, 3 bytes"
00492900,FUN_00492900,"souls.exe function, 2217 bytes"
004931C9,FormationSlot,Formation slot in 1/256 units for ordinal % 9
0049322F,FUN_0049322f,"souls.exe function, 51 bytes"
00493262,FUN_00493262,"souls.exe function, 116 bytes"
004932D6,NamePlateVisible,Tests whether a combatant's name plate is visible
00493306,BattleScreenMap,Logical to screen mapping: sx = (logicalX - scrollX) * clientWidth / 360
0049331E,ScenePaint,Scene view paint: two passes over the 144 combatants plus name plates
00494231,FUN_00494231,"souls.exe function, 11 bytes"
0049424C,FUN_0049424c,"souls.exe function, 8 bytes"
00494264,FUN_00494264,"souls.exe function, 8 bytes"
00494276,FUN_00494276,"souls.exe function, 11 bytes"
00494281,FUN_00494281,"souls.exe function, 368 bytes"
004943F1,FUN_004943f1,"souls.exe function, 322 bytes"
00494533,FUN_00494533,"souls.exe function, 28 bytes"
0049454F,Opcode0x43,"Script opcode 0x43 (2 args, one atof and one atoi); keyword unpaired [UNVERIFIED]"
00494592,FUN_00494592,"souls.exe function, 84 bytes"
004945E6,FUN_004945e6,"souls.exe function, 117 bytes"
0049465B,FUN_0049465b,"souls.exe function, 87 bytes"
004946B2,DamageMessage,Formats and applies the damage result (with FUN_004a8677 / FUN_004a61fd)
00494FCD,OnDeath,"Death handling: message, death counter, solo-mode full resurrect"
004952CF,FUN_004952cf,"souls.exe function, 655 bytes"
0049555E,FUN_0049555e,"souls.exe function, 943 bytes"
0049590D,ActorBreathe,"ScenePaint every 100 ms per actor: one rand, a 3-in-8 hold, else steps rec+0x29C between 2 and 32"
00495982,FUN_00495982,"souls.exe function, 40 bytes"
004959AA,FUN_004959aa,"souls.exe function, 226 bytes"
00495A8C,FUN_00495a8c,"souls.exe function, 39 bytes"
00495AB3,FUN_00495ab3,"souls.exe function, 6 bytes"
00495AB9,FUN_00495ab9,"souls.exe function, 450 bytes"
00495C7B,FUN_00495c7b,"souls.exe function, 46 bytes"
00495CA9,FUN_00495ca9,"souls.exe function, 49 bytes"
00495CDA,FUN_00495cda,"souls.exe function, 22 bytes"
00495CF0,BattleHousekeeping,5-second battle housekeeping tick
00495D6F,FUN_00495d6f,"souls.exe function, 255 bytes"
00495E6E,SetSceneCursor,Sets the cursor for the current scene interaction mode
00495EBD,FUN_00495ebd,"souls.exe function, 476 bytes"
004960B3,FUN_004960b3,"souls.exe function, 8 bytes"
004960BB,SceneWeather,"ScenePaint weather (view+0x6C): 1-3 rain smear, 4-6 speckles, 7-9 snow particles at 0xD21730, n*1000+c recoloured"
004965B3,FUN_004965b3,"souls.exe function, 45 bytes"
004965E0,FUN_004965e0,"souls.exe function, 45 bytes"
0049660D,FUN_0049660d,"souls.exe function, 28 bytes"
00496629,FUN_00496629,"souls.exe function, 50 bytes"
0049665B,FUN_0049665b,"souls.exe function, 63 bytes"
0049669A,FUN_0049669a,"souls.exe function, 106 bytes"
00496704,FUN_00496704,"souls.exe function, 224 bytes"
004967E4,BattlePrintMessage,"Battle message helper called with (10, ...) e.g. The battle is over."
0049695E,FUN_0049695e,"souls.exe function, 36 bytes"
00496982,CombatantPostInit,Post-init of a spawned combatant (equipment defaults etc.)
00496B41,FUN_00496b41,"souls.exe function, 252 bytes"
00496D0D,FUN_00496d0d,"souls.exe function, 130 bytes"
00496D8F,FUN_00496d8f,"souls.exe function, 14 bytes"
00496D9D,FUN_00496d9d,"souls.exe function, 14 bytes"
00496DAB,FUN_00496dab,"souls.exe function, 14 bytes"
00496DB9,FUN_00496db9,"souls.exe function, 14 bytes"
00496DC7,FUN_00496dc7,"souls.exe function, 14 bytes"
00496DD5,FUN_00496dd5,"souls.exe function, 14 bytes"
00496DE3,FUN_00496de3,"souls.exe function, 11 bytes"
00496DF8,FUN_00496df8,"souls.exe function, 8 bytes"
00496E94,FUN_00496e94,"souls.exe function, 176 bytes"
00496F44,FUN_00496f44,"souls.exe function, 123 bytes"
00496FBF,FUN_00496fbf,"souls.exe function, 193 bytes"
00497080,FUN_00497080,"souls.exe function, 128 bytes"
00497106,FUN_00497106,"souls.exe function, 31 bytes"
00497125,FUN_00497125,"souls.exe function, 6 bytes"
004972E8,FUN_004972e8,"souls.exe function, 8 bytes"
004974D3,FUN_004974d3,"souls.exe function, 11 bytes"
0049754D,FUN_0049754d,"souls.exe function, 54 bytes"
00497583,FUN_00497583,"souls.exe function, 11 bytes"
00497598,FUN_00497598,"souls.exe function, 8 bytes"
004975A0,FUN_004975a0,"souls.exe function, 71 bytes"
004975E7,FUN_004975e7,"souls.exe function, 14 bytes"
004975F5,FUN_004975f5,"souls.exe function, 11 bytes"
00497600,FUN_00497600,"souls.exe function, 11 bytes"
00497615,FUN_00497615,"souls.exe function, 8 bytes"
0049761D,FUN_0049761d,"souls.exe function, 526 bytes"
0049782B,PartyCondition,PARTY <condlist> test; 0 means a 10 s wait and 3 more tokens (multi-party forms)
00497839,FUN_00497839,"souls.exe function, 74 bytes"
00497883,FUN_00497883,"souls.exe function, 55 bytes"
004978BA,FUN_004978ba,"souls.exe function, 27 bytes"
004978D5,ResurrectHero,Resurrects/recharges the hero (HP/MP to max) at incarnate
00498119,FUN_00498119,"souls.exe function, 126 bytes"
00498AE4,FUN_00498ae4,"souls.exe function, 161 bytes"
00498B85,FUN_00498b85,"souls.exe function, 14 bytes"
00498B93,FUN_00498b93,"souls.exe function, 14 bytes"
00498BA1,FUN_00498ba1,"souls.exe function, 14 bytes"
00498BAF,FUN_00498baf,"souls.exe function, 14 bytes"
00498BBD,FUN_00498bbd,"souls.exe function, 14 bytes"
00498BCB,FUN_00498bcb,"souls.exe function, 14 bytes"
00498BD9,FUN_00498bd9,"souls.exe function, 14 bytes"
00498BE7,FUN_00498be7,"souls.exe function, 14 bytes"
00498BF5,FUN_00498bf5,"souls.exe function, 14 bytes"
00498C03,FUN_00498c03,"souls.exe function, 14 bytes"
00498C11,FUN_00498c11,"souls.exe function, 14 bytes"
00498C1F,FUN_00498c1f,"souls.exe function, 14 bytes"
00498C2D,FUN_00498c2d,"souls.exe function, 11 bytes"
00498C42,FUN_00498c42,"souls.exe function, 8 bytes"
00498CCE,FUN_00498cce,"souls.exe function, 336 bytes"
00498F42,FUN_00498f42,"souls.exe function, 157 bytes"
00498FDF,FUN_00498fdf,"souls.exe function, 14 bytes"
00498FED,FUN_00498fed,"souls.exe function, 14 bytes"
00498FFB,FUN_00498ffb,"souls.exe function, 14 bytes"
00499009,FUN_00499009,"souls.exe function, 14 bytes"
00499017,FUN_00499017,"souls.exe function, 14 bytes"
00499025,FUN_00499025,"souls.exe function, 14 bytes"
00499033,FUN_00499033,"souls.exe function, 14 bytes"
00499041,FUN_00499041,"souls.exe function, 14 bytes"
0049904F,FUN_0049904f,"souls.exe function, 14 bytes"
0049905D,FUN_0049905d,"souls.exe function, 11 bytes"
00499072,FUN_00499072,"souls.exe function, 8 bytes"
0049909E,FUN_0049909e,"souls.exe function, 22 bytes"
004990B4,TacticsFileLoad,Loads the 0x7C8-byte tactics blob (DAT_004e487c) for a hero
0049923B,TacticsFileSave,Writes the 0x7C8 tactics blob with world and soul name plus checksum
0049974E,FUN_0049974e,"souls.exe function, 124 bytes"
004997CA,FUN_004997ca,"souls.exe function, 822 bytes"
00499B0A,FUN_00499b0a,"souls.exe function, 8 bytes"
00499B1A,FUN_00499b1a,"souls.exe function, 25 bytes"
00499B33,FUN_00499b33,"souls.exe function, 46 bytes"
00499B61,FUN_00499b61,"souls.exe function, 655 bytes"
00499DF0,FUN_00499df0,"souls.exe function, 1 bytes"
00499DF9,FUN_00499df9,"souls.exe function, 44 bytes"
00499E25,FUN_00499e25,"souls.exe function, 383 bytes"
00499FEA,FUN_00499fea,"souls.exe function, 972 bytes"
0049A3B6,FUN_0049a3b6,"souls.exe function, 8 bytes"
0049A3C8,FUN_0049a3c8,"souls.exe function, 8 bytes"
0049A3D0,FUN_0049a3d0,"souls.exe function, 8 bytes"
0049A3F6,FUN_0049a3f6,"souls.exe function, 428 bytes"
0049A5A2,FUN_0049a5a2,"souls.exe function, 529 bytes"
0049A7B3,FUN_0049a7b3,"souls.exe function, 53 bytes"
0049A7E8,FUN_0049a7e8,"souls.exe function, 262 bytes"
0049A8EE,FUN_0049a8ee,"souls.exe function, 189 bytes"
0049A9AB,FUN_0049a9ab,"souls.exe function, 542 bytes"
0049ABC9,FUN_0049abc9,"souls.exe function, 30 bytes"
0049ABE7,FUN_0049abe7,"souls.exe function, 186 bytes"
0049ACEA,FUN_0049acea,"souls.exe function, 112 bytes"
0049AD5A,FUN_0049ad5a,"souls.exe function, 11 bytes"
0049AD65,FUN_0049ad65,"souls.exe function, 11 bytes"
0049AD70,FUN_0049ad70,"souls.exe function, 11 bytes"
0049AD7B,FUN_0049ad7b,"souls.exe function, 11 bytes"
0049AD86,FUN_0049ad86,"souls.exe function, 11 bytes"
0049AD9B,FUN_0049ad9b,"souls.exe function, 8 bytes"
0049AE16,FUN_0049ae16,"souls.exe function, 63 bytes"
0049AE55,FUN_0049ae55,"souls.exe function, 69 bytes"
0049AE9A,FUN_0049ae9a,"souls.exe function, 221 bytes"
0049AF81,FUN_0049af81,"souls.exe function, 11 bytes"
0049AF8C,FUN_0049af8c,"souls.exe function, 89 bytes"
0049AFE5,FUN_0049afe5,"souls.exe function, 11 bytes"
0049AFF0,FUN_0049aff0,"souls.exe function, 11 bytes"
0049AFFB,FUN_0049affb,"souls.exe function, 11 bytes"
0049B006,FUN_0049b006,"souls.exe function, 11 bytes"
0049B011,FUN_0049b011,"souls.exe function, 11 bytes"
0049B026,FUN_0049b026,"souls.exe function, 8 bytes"
0049B02E,FUN_0049b02e,"souls.exe function, 237 bytes"
0049B125,Dlg204Ctor,Dialog resource 204/0xCC
0049B130,FUN_0049b130,"souls.exe function, 72 bytes"
0049B18A,FUN_0049b18a,"souls.exe function, 64 bytes"
0049B1D4,FUN_0049b1d4,"souls.exe function, 8 bytes"
0049B1FD,FUN_0049b1fd,"souls.exe function, 72 bytes"
0049B245,FUN_0049b245,"souls.exe function, 122 bytes"
0049B2C4,FUN_0049b2c4,"souls.exe function, 59 bytes"
0049B305,FUN_0049b305,"souls.exe function, 47 bytes"
0049B334,FUN_0049b334,"souls.exe function, 8 bytes"
0049B34E,FUN_0049b34e,"souls.exe function, 51 bytes"
0049B381,FUN_0049b381,"souls.exe function, 61 bytes"
0049B3BE,FUN_0049b3be,"souls.exe function, 30 bytes"
0049B3DC,FUN_0049b3dc,"souls.exe function, 17 bytes"
0049B3ED,FUN_0049b3ed,"souls.exe function, 77 bytes"
0049B43A,FUN_0049b43a,"souls.exe function, 90 bytes"
0049B494,FUN_0049b494,"souls.exe function, 314 bytes"
0049B5E1,FUN_0049b5e1,"souls.exe function, 132 bytes"
0049B665,FUN_0049b665,"souls.exe function, 98 bytes"
0049B6C7,FUN_0049b6c7,"souls.exe function, 72 bytes"
0049B70F,EncryptedStatGet,"Encrypted-stat getter (not rand()): maps +660 defense, +698 offense and +628 level"
0049B71B,FUN_0049b71b,"souls.exe function, 25 bytes"
0049B734,FUN_0049b734,"souls.exe function, 11 bytes"
0049B73F,FUN_0049b73f,"souls.exe function, 30 bytes"
0049B75D,FUN_0049b75d,"souls.exe function, 12 bytes"
0049B769,FUN_0049b769,"souls.exe function, 117 bytes"
0049B7FE,FUN_0049b7fe,"souls.exe function, 30 bytes"
0049B81C,FUN_0049b81c,"souls.exe function, 60 bytes"
0049B858,FUN_0049b858,"souls.exe function, 14 bytes"
0049B870,FUN_0049b870,"souls.exe function, 8 bytes"
0049B96F,FUN_0049b96f,"souls.exe function, 1343 bytes"
0049BEB8,FUN_0049beb8,"souls.exe function, 11 bytes"
0049BEC3,FUN_0049bec3,"souls.exe function, 166 bytes"
0049BF7C,FUN_0049bf7c,"souls.exe function, 55 bytes"
0049BFB3,HeroLevelNameHud,HUD level / level-name display (args 3-4 of the text writer)
0049C0B0,DrawTextEx,"Decorative text writer (dc,rect,string,colour,face,size,bold,flags) used for every label"
0049C1E7,FUN_0049c1e7,"souls.exe function, 8 bytes"
0049C1EF,FUN_0049c1ef,"souls.exe function, 156 bytes"
0049C28B,LevelNameLookup,Level-name lookup for the %s is now a level %d %s. message
0049C2A5,FUN_0049c2a5,"souls.exe function, 1073 bytes"
0049C6D6,FUN_0049c6d6,"souls.exe function, 59 bytes"
0049C711,FUN_0049c711,"souls.exe function, 50 bytes"
0049C743,FUN_0049c743,"souls.exe function, 389 bytes"
0049C8C8,FUN_0049c8c8,"souls.exe function, 8 bytes"
0049C8D0,FUN_0049c8d0,"souls.exe function, 8 bytes"
0049C8E2,FUN_0049c8e2,"souls.exe function, 8 bytes"
0049C8EA,FUN_0049c8ea,"souls.exe function, 224 bytes"
0049C9CA,FUN_0049c9ca,"souls.exe function, 133 bytes"
0049CA69,FUN_0049ca69,"souls.exe function, 30 bytes"
0049CA87,FUN_0049ca87,"souls.exe function, 47 bytes"
0049CAC0,FUN_0049cac0,"souls.exe function, 8 bytes"
0049CAD4,FUN_0049cad4,"souls.exe function, 111 bytes"
0049CB43,FUN_0049cb43,"souls.exe function, 59 bytes"
0049CB86,FUN_0049cb86,"souls.exe function, 487 bytes"
0049CD6D,FUN_0049cd6d,"souls.exe function, 558 bytes"
0049CF9B,FUN_0049cf9b,"souls.exe function, 8 bytes"
0049CFA3,FUN_0049cfa3,"souls.exe function, 8 bytes"
0049CFAB,FUN_0049cfab,"souls.exe function, 8 bytes"
0049CFB3,FUN_0049cfb3,"souls.exe function, 8 bytes"
0049CFC5,FUN_0049cfc5,"souls.exe function, 8 bytes"
0049CFCD,FUN_0049cfcd,"souls.exe function, 72 bytes"
0049D015,BadWordFilter,Bad-word filter for soul names (Too Naughty!)
0049D036,FUN_0049d036,"souls.exe function, 95 bytes"
0049D095,FUN_0049d095,"souls.exe function, 104 bytes"
0049D0FD,FUN_0049d0fd,"souls.exe function, 398 bytes"
0049D28B,FUN_0049d28b,"souls.exe function, 22 bytes"
0049D2A1,FUN_0049d2a1,"souls.exe function, 235 bytes"
0049D38C,FUN_0049d38c,"souls.exe function, 35 bytes"
0049D3AF,FUN_0049d3af,"souls.exe function, 397 bytes"
0049D53C,FUN_0049d53c,"souls.exe function, 201 bytes"
0049D616,FUN_0049d616,"souls.exe function, 27 bytes"
0049D631,FUN_0049d631,"souls.exe function, 34 bytes"
0049D653,FUN_0049d653,"souls.exe function, 35 bytes"
0049D676,FUN_0049d676,"souls.exe function, 13 bytes"
0049D683,FUN_0049d683,"souls.exe function, 13 bytes"
0049D690,FUN_0049d690,"souls.exe function, 10 bytes"
0049D69A,FUN_0049d69a,"souls.exe function, 10 bytes"
0049D6A4,FUN_0049d6a4,"souls.exe function, 20 bytes"
0049D6B8,FUN_0049d6b8,"souls.exe function, 10 bytes"
0049D6C2,FUN_0049d6c2,"souls.exe function, 621 bytes"
0049DB60,FUN_0049db60,"souls.exe function, 256 bytes"
0049DC60,FUN_0049dc60,"souls.exe function, 14 bytes"
0049DC6E,FUN_0049dc6e,"souls.exe function, 14 bytes"
0049DC7C,FUN_0049dc7c,"souls.exe function, 14 bytes"
0049DC8A,FUN_0049dc8a,"souls.exe function, 14 bytes"
0049DC98,FUN_0049dc98,"souls.exe function, 14 bytes"
0049DCA6,FUN_0049dca6,"souls.exe function, 14 bytes"
0049DCB4,FUN_0049dcb4,"souls.exe function, 14 bytes"
0049DCC2,FUN_0049dcc2,"souls.exe function, 14 bytes"
0049DCD0,FUN_0049dcd0,"souls.exe function, 14 bytes"
0049DCDE,FUN_0049dcde,"souls.exe function, 14 bytes"
0049DCEC,FUN_0049dcec,"souls.exe function, 14 bytes"
0049DCFA,FUN_0049dcfa,"souls.exe function, 14 bytes"
0049DD08,FUN_0049dd08,"souls.exe function, 14 bytes"
0049DD16,FUN_0049dd16,"souls.exe function, 14 bytes"
0049DD24,FUN_0049dd24,"souls.exe function, 14 bytes"
0049DD32,FUN_0049dd32,"souls.exe function, 14 bytes"
0049DD40,FUN_0049dd40,"souls.exe function, 14 bytes"
0049DD4E,FUN_0049dd4e,"souls.exe function, 14 bytes"
0049DD5C,FUN_0049dd5c,"souls.exe function, 14 bytes"
0049DD6A,FUN_0049dd6a,"souls.exe function, 14 bytes"
0049DD78,FUN_0049dd78,"souls.exe function, 11 bytes"
0049DD8D,FUN_0049dd8d,"souls.exe function, 8 bytes"
0049DED1,FUN_0049ded1,"souls.exe function, 53 bytes"
0049DF19,FUN_0049df19,"souls.exe function, 675 bytes"
0049E1BC,FUN_0049e1bc,"souls.exe function, 116 bytes"
0049E230,FUN_0049e230,"souls.exe function, 39 bytes"
0049E25D,FUN_0049e25d,"souls.exe function, 238 bytes"
0049E34B,FUN_0049e34b,"souls.exe function, 1404 bytes"
0049E8C7,FUN_0049e8c7,"souls.exe function, 48 bytes"
0049E911,EditorPoseStrip,Object/monster editor: draws poses 0..3 side by side
0049EDBE,FUN_0049edbe,"souls.exe function, 11 bytes"
0049EDC9,FUN_0049edc9,"souls.exe function, 346 bytes"
0049EF2D,FUN_0049ef2d,"souls.exe function, 8 bytes"
0049EF35,FUN_0049ef35,"souls.exe function, 70 bytes"
0049EF7B,FUN_0049ef7b,"souls.exe function, 192 bytes"
0049F03B,FUN_0049f03b,"souls.exe function, 79 bytes"
0049F08A,FUN_0049f08a,"souls.exe function, 273 bytes"
0049F1A5,FUN_0049f1a5,"souls.exe function, 8 bytes"
0049F1D1,FUN_0049f1d1,"souls.exe function, 117 bytes"
0049F246,FUN_0049f246,"souls.exe function, 227 bytes"
0049F333,FUN_0049f333,"souls.exe function, 8 bytes"
0049F33B,FUN_0049f33b,"souls.exe function, 116 bytes"
0049F3AF,FUN_0049f3af,"souls.exe function, 193 bytes"
0049F470,FUN_0049f470,"souls.exe function, 324 bytes"
0049F5B4,FUN_0049f5b4,"souls.exe function, 603 bytes"
0049F80F,FUN_0049f80f,"souls.exe function, 108 bytes"
0049F87B,FUN_0049f87b,"souls.exe function, 537 bytes"
0049FA9E,FUN_0049fa9e,"souls.exe function, 8 bytes"
0049FAD3,FUN_0049fad3,"souls.exe function, 129 bytes"
0049FB54,FUN_0049fb54,"souls.exe function, 309 bytes"
0049FC89,FUN_0049fc89,"souls.exe function, 42 bytes"
0049FCB3,FUN_0049fcb3,"souls.exe function, 269 bytes"
0049FDC0,FUN_0049fdc0,"souls.exe function, 748 bytes"
004A00B6,FUN_004a00b6,"souls.exe function, 8 bytes"
004A00E2,FUN_004a00e2,"souls.exe function, 220 bytes"
004A01BE,FUN_004a01be,"souls.exe function, 224 bytes"
004A029E,FUN_004a029e,"souls.exe function, 159 bytes"
004A033E,FUN_004a033e,"souls.exe function, 371 bytes"
004A04B1,FUN_004a04b1,"souls.exe function, 298 bytes"
004A05DB,FUN_004a05db,"souls.exe function, 246 bytes"
004A06D1,FUN_004a06d1,"souls.exe function, 1917 bytes"
004A0E58,FUN_004a0e58,"souls.exe function, 8 bytes"
004A0E97,FUN_004a0e97,"souls.exe function, 668 bytes"
004A0FC1,FUN_004a0fc1,"souls.exe function, 8 bytes"
004A10D8,caseD_5,"souls.exe function, 67 bytes"
004A11E2,FUN_004a11e2,"souls.exe function, 38 bytes"
004A1384,FUN_004a1384,"souls.exe function, 412 bytes"
004A164F,FUN_004a164f,"souls.exe function, 193 bytes"
004A1710,FUN_004a1710,"souls.exe function, 14 bytes"
004A171E,FUN_004a171e,"souls.exe function, 14 bytes"
004A172C,FUN_004a172c,"souls.exe function, 14 bytes"
004A173A,FUN_004a173a,"souls.exe function, 14 bytes"
004A1748,FUN_004a1748,"souls.exe function, 14 bytes"
004A1756,FUN_004a1756,"souls.exe function, 14 bytes"
004A1764,FUN_004a1764,"souls.exe function, 14 bytes"
004A1772,FUN_004a1772,"souls.exe function, 14 bytes"
004A1780,FUN_004a1780,"souls.exe function, 14 bytes"
004A178E,FUN_004a178e,"souls.exe function, 14 bytes"
004A179C,FUN_004a179c,"souls.exe function, 14 bytes"
004A17AA,FUN_004a17aa,"souls.exe function, 11 bytes"
004A17B5,FUN_004a17b5,"souls.exe function, 11 bytes"
004A17C0,FUN_004a17c0,"souls.exe function, 11 bytes"
004A17D5,FUN_004a17d5,"souls.exe function, 8 bytes"
004A1884,FUN_004a1884,"souls.exe function, 708 bytes"
004A1B52,FUN_004a1b52,"souls.exe function, 11 bytes"
004A1E2A,FUN_004a1e2a,"souls.exe function, 34 bytes"
004A1E4C,FUN_004a1e4c,"souls.exe function, 540 bytes"
004A2072,FUN_004a2072,"souls.exe function, 8 bytes"
004A207A,FUN_004a207a,"souls.exe function, 74 bytes"
004A20C4,FUN_004a20c4,"souls.exe function, 54 bytes"
004A214F,FUN_004a214f,"souls.exe function, 192 bytes"
004A220F,FUN_004a220f,"souls.exe function, 125 bytes"
004A228C,FUN_004a228c,"souls.exe function, 288 bytes"
004A23AC,FUN_004a23ac,"souls.exe function, 129 bytes"
004A242D,FUN_004a242d,"souls.exe function, 39 bytes"
004A25E8,FUN_004a25e8,"souls.exe function, 78 bytes"
004A2636,FUN_004a2636,"souls.exe function, 777 bytes"
004A2949,FUN_004a2949,"souls.exe function, 8 bytes"
004A29F7,FUN_004a29f7,"souls.exe function, 179 bytes"
004A2AAA,FUN_004a2aaa,"souls.exe function, 171 bytes"
004A2B67,FUN_004a2b67,"souls.exe function, 8 bytes"
004A2B6F,FUN_004a2b6f,"souls.exe function, 360 bytes"
004A2CE1,FUN_004a2ce1,"souls.exe function, 11 bytes"
004A2CEC,FUN_004a2cec,"souls.exe function, 26 bytes"
004A2DF1,FUN_004a2df1,"souls.exe function, 160 bytes"
004A2EAE,FUN_004a2eae,"souls.exe function, 18 bytes"
004A2ED1,FUN_004a2ed1,"souls.exe function, 34 bytes"
004A2EF3,CreateObject,"souls.exe function, 77 bytes"
004A2F5F,FUN_004a2f5f,"souls.exe function, 264 bytes"
004A310D,FUN_004a310d,"souls.exe function, 30 bytes"
004A312B,FUN_004a312b,"souls.exe function, 118 bytes"
004A31A1,FUN_004a31a1,"souls.exe function, 14 bytes"
004A31AF,FUN_004a31af,"souls.exe function, 14 bytes"
004A31BD,FUN_004a31bd,"souls.exe function, 14 bytes"
004A31CB,FUN_004a31cb,"souls.exe function, 14 bytes"
004A31D9,FUN_004a31d9,"souls.exe function, 14 bytes"
004A31E7,FUN_004a31e7,"souls.exe function, 11 bytes"
004A31FC,FUN_004a31fc,"souls.exe function, 8 bytes"
004A3204,FUN_004a3204,"souls.exe function, 26 bytes"
004A321E,FUN_004a321e,"souls.exe function, 38 bytes"
004A3251,FUN_004a3251,"souls.exe function, 421 bytes"
004A33FB,FUN_004a33fb,"souls.exe function, 378 bytes"
004A3575,FUN_004a3575,"souls.exe function, 163 bytes"
004A3618,FUN_004a3618,"souls.exe function, 274 bytes"
004A3734,FUN_004a3734,"souls.exe function, 11 bytes"
004A373F,FUN_004a373f,"souls.exe function, 107 bytes"
004A37AA,FUN_004a37aa,"souls.exe function, 14 bytes"
004A37B8,FUN_004a37b8,"souls.exe function, 14 bytes"
004A37C6,FUN_004a37c6,"souls.exe function, 14 bytes"
004A37D4,FUN_004a37d4,"souls.exe function, 14 bytes"
004A37E2,FUN_004a37e2,"souls.exe function, 14 bytes"
004A37F0,FUN_004a37f0,"souls.exe function, 14 bytes"
004A37FE,FUN_004a37fe,"souls.exe function, 11 bytes"
004A3813,FUN_004a3813,"souls.exe function, 8 bytes"
004A3825,FUN_004a3825,"souls.exe function, 25 bytes"
004A383E,FUN_004a383e,"souls.exe function, 14 bytes"
004A386A,FUN_004a386a,"souls.exe function, 25 bytes"
004A3883,FUN_004a3883,"souls.exe function, 14 bytes"
004A38A5,FUN_004a38a5,"souls.exe function, 71 bytes"
004A38EC,LoadAttackEffectSheets,Loads attack%02d.bmp / effects%02d.bmp (0..19) into two 20-Picture tables
004A39D8,FUN_004a39d8,"souls.exe function, 3 bytes"
004A39DB,FUN_004a39db,"souls.exe function, 104 bytes"
004A3A43,FUN_004a3a43,"souls.exe function, 17 bytes"
004A3A54,FUN_004a3a54,"souls.exe function, 126 bytes"
004A3AD2,FUN_004a3ad2,"souls.exe function, 440 bytes"
004A3CAA,FUN_004a3caa,"souls.exe function, 1024 bytes"
004A40AA,FUN_004a40aa,"souls.exe function, 78 bytes"
004A40F8,FUN_004a40f8,"souls.exe function, 40 bytes"
004A4120,FUN_004a4120,"souls.exe function, 57 bytes"
004A4159,FUN_004a4159,"souls.exe function, 79 bytes"
004A41A8,FUN_004a41a8,"souls.exe function, 177 bytes"
004A4259,ComputeAttackDamage,Computes the damage of an attack; resolved via FUN_004a8677 -> FUN_004a7794
004A42AD,FUN_004a42ad,"souls.exe function, 18 bytes"
004A42BF,FUN_004a42bf,"souls.exe function, 40 bytes"
004A42E7,FUN_004a42e7,"souls.exe function, 31 bytes"
004A4306,FUN_004a4306,"souls.exe function, 95 bytes"
004A4365,FUN_004a4365,"souls.exe function, 69 bytes"
004A43AA,SpellSheetRefresh,"Refreshes the spells sheet (bkSpell.jpg plus the spell list, ctrl 0x100c)"
004A45BF,FUN_004a45bf,"souls.exe function, 254 bytes"
004A46C5,FUN_004a46c5,"souls.exe function, 39 bytes"
004A46EC,FUN_004a46ec,"souls.exe function, 55 bytes"
004A4B8A,FUN_004a4b8a,"souls.exe function, 460 bytes"
004A4D68,FUN_004a4d68,"souls.exe function, 8 bytes"
004A4D70,FUN_004a4d70,"souls.exe function, 2296 bytes"
004A56CC,FUN_004a56cc,"souls.exe function, 2422 bytes"
004A608E,FUN_004a608e,"souls.exe function, 367 bytes"
004A61FD,ApplyHPDelta,"Applies an HP delta: clamp(cur+delta,0,max); returns 1 when the target just died"
004A6255,ApplyHPDeltaCur,Wrapper for the current-HP delta application
004A6291,FUN_004a6291,"souls.exe function, 194 bytes"
004A6353,FUN_004a6353,"souls.exe function, 1518 bytes"
004A694B,FUN_004a694b,"souls.exe function, 11 bytes"
004A6956,ClampSigned16,"Clamps a value to [-32768, 32000]"
004A6974,CritVariance,"Critical-hit / variance roll on the raw damage (+-20%, crit divisor 50)"
004A6A46,FUN_004a6a46,"souls.exe function, 36 bytes"
004A6A6A,FUN_004a6a6a,"souls.exe function, 31 bytes"
004A6A89,FUN_004a6a89,"souls.exe function, 204 bytes"
004A6B55,FUN_004a6b55,"souls.exe function, 241 bytes"
004A6C46,DotTick,Poison/DoT tick at the start of a round
004A6D32,FUN_004a6d32,"souls.exe function, 151 bytes"
004A6DC9,FUN_004a6dc9,"souls.exe function, 143 bytes"
004A6E58,FUN_004a6e58,"souls.exe function, 981 bytes"
004A722D,FUN_004a722d,"souls.exe function, 553 bytes"
004A7456,FUN_004a7456,"souls.exe function, 248 bytes"
004A754E,FUN_004a754e,"souls.exe function, 209 bytes"
004A761F,EffectiveStat,"Effective stat reader: base clamped to [0,255] then modified by the 8 element-resist slots"
004A7771,FUN_004a7771,"souls.exe function, 35 bytes"
004A7794,DamageRoller,"The shared damage roller for every hit (spellId, attacker, target, hits, out...)"
004A8664,LatchPendingMsg,Latches a pending message id (first call wins) into DAT_0050b504
004A8677,ApplyDamageRoll,"Applies a damage roll: calls the roller, clamps, sets DAT_0050b500 = 2"
004A86D2,FUN_004a86d2,"souls.exe function, 71 bytes"
004A8719,FUN_004a8719,"souls.exe function, 182 bytes"
004A87CF,FUN_004a87cf,"souls.exe function, 552 bytes"
004A89F7,FUN_004a89f7,"souls.exe function, 8 bytes"
004A8A09,FUN_004a8a09,"souls.exe function, 8 bytes"
004A8A2B,FUN_004a8a2b,"souls.exe function, 208 bytes"
004A8AFB,FUN_004a8afb,"souls.exe function, 27 bytes"
004A8B20,FUN_004a8b20,"souls.exe function, 233 bytes"
004A8C09,FUN_004a8c09,"souls.exe function, 23 bytes"
004A8C20,FUN_004a8c20,"souls.exe function, 23 bytes"
004A8C37,FUN_004a8c37,"souls.exe function, 134 bytes"
004A8CBD,FUN_004a8cbd,"souls.exe function, 230 bytes"
004A8DAD,FUN_004a8dad,"souls.exe function, 264 bytes"
004A8ED8,FUN_004a8ed8,"souls.exe function, 862 bytes"
004A9245,FUN_004a9245,"souls.exe function, 100 bytes"
004A92A9,FUN_004a92a9,"souls.exe function, 100 bytes"
004A930D,FUN_004a930d,"souls.exe function, 319 bytes"
004A9450,FUN_004a9450,"souls.exe function, 383 bytes"
004A95CF,FUN_004a95cf,"souls.exe function, 332 bytes"
004A971B,FUN_004a971b,"souls.exe function, 237 bytes"
004A9808,FUN_004a9808,"souls.exe function, 297 bytes"
004A9931,FUN_004a9931,"souls.exe function, 172 bytes"
004A99DD,FUN_004a99dd,"souls.exe function, 244 bytes"
004A9AE0,FUN_004a9ae0,"souls.exe function, 443 bytes"
004A9CA0,FUN_004a9ca0,"souls.exe function, 506 bytes"
004A9E9A,FUN_004a9e9a,"souls.exe function, 199 bytes"
004A9F61,FUN_004a9f61,"souls.exe function, 979 bytes"
004AA334,FUN_004aa334,"souls.exe function, 694 bytes"
004AA5EA,FUN_004aa5ea,"souls.exe function, 297 bytes"
004AA713,FUN_004aa713,"souls.exe function, 916 bytes"
004AABFE,FUN_004aabfe,"souls.exe function, 280 bytes"
004AAD16,FUN_004aad16,"souls.exe function, 1440 bytes"
004AB2B6,FUN_004ab2b6,"souls.exe function, 1262 bytes"
004AB7A4,FUN_004ab7a4,"souls.exe function, 641 bytes"
004ABA25,FUN_004aba25,"souls.exe function, 1355 bytes"
004ABF70,FUN_004abf70,"souls.exe function, 1008 bytes"
004AC360,FUN_004ac360,"souls.exe function, 458 bytes"
004AC52A,FUN_004ac52a,"souls.exe function, 300 bytes"
004AC656,FUN_004ac656,"souls.exe function, 240 bytes"
004AC746,FUN_004ac746,"souls.exe function, 89 bytes"
004AC7A0,FUN_004ac7a0,"souls.exe function, 151 bytes"
004AC837,FUN_004ac837,"souls.exe function, 41 bytes"
004AC868,FUN_004ac868,"souls.exe function, 70 bytes"
004AC8AE,FUN_004ac8ae,"souls.exe function, 110 bytes"
004AC91C,FUN_004ac91c,"souls.exe function, 370 bytes"
004ACA8E,FUN_004aca8e,"souls.exe function, 35 bytes"
004ACAC0,FUN_004acac0,"souls.exe function, 227 bytes"
004ACBA3,FUN_004acba3,"souls.exe function, 23 bytes"
004ACBBA,FUN_004acbba,"souls.exe function, 23 bytes"
004ACBD1,FUN_004acbd1,"souls.exe function, 179 bytes"
004ACC84,FUN_004acc84,"souls.exe function, 430 bytes"
004ACE32,FUN_004ace32,"souls.exe function, 136 bytes"
004ACEBA,FUN_004aceba,"souls.exe function, 154 bytes"
004ACF60,FUN_004acf60,"souls.exe function, 209 bytes"
004AD031,FUN_004ad031,"souls.exe function, 313 bytes"
004AD16A,FUN_004ad16a,"souls.exe function, 341 bytes"
004AD2C0,FUN_004ad2c0,"souls.exe function, 265 bytes"
004AD3C9,FUN_004ad3c9,"souls.exe function, 65 bytes"
004AD40A,FUN_004ad40a,"souls.exe function, 95 bytes"
004AD469,FUN_004ad469,"souls.exe function, 46 bytes"
004AD497,FUN_004ad497,"souls.exe function, 399 bytes"
004AD626,FUN_004ad626,"souls.exe function, 127 bytes"
004AD6A5,FUN_004ad6a5,"souls.exe function, 98 bytes"
004AD707,FUN_004ad707,"souls.exe function, 193 bytes"
004AD7E0,FUN_004ad7e0,"souls.exe function, 1553 bytes"
004ADE09,FUN_004ade09,"souls.exe function, 631 bytes"
004AE080,FUN_004ae080,"souls.exe function, 77 bytes"
004AE0CD,FUN_004ae0cd,"souls.exe function, 112 bytes"
004AE13D,FUN_004ae13d,"souls.exe function, 165 bytes"
004AE1F0,FUN_004ae1f0,"souls.exe function, 108 bytes"
004AE25C,FUN_004ae25c,"souls.exe function, 94 bytes"
004AE2BA,FUN_004ae2ba,"souls.exe function, 691 bytes"
004AE56D,FUN_004ae56d,"souls.exe function, 237 bytes"
004AE65A,FUN_004ae65a,"souls.exe function, 26 bytes"
004AE674,FUN_004ae674,"souls.exe function, 338 bytes"
004AE7D0,FUN_004ae7d0,"souls.exe function, 788 bytes"
004AEAE4,FUN_004aeae4,"souls.exe function, 99 bytes"
004AEB50,FUN_004aeb50,"souls.exe function, 517 bytes"
004AED6F,FUN_004aed6f,"souls.exe function, 497 bytes"
004AEF60,FUN_004aef60,"souls.exe function, 48 bytes"
004AEF90,FUN_004aef90,"souls.exe function, 259 bytes"
004AF093,FUN_004af093,"souls.exe function, 267 bytes"
004AF19E,FUN_004af19e,"souls.exe function, 278 bytes"
004AF2B4,FUN_004af2b4,"souls.exe function, 172 bytes"
004AF360,FUN_004af360,"souls.exe function, 172 bytes"
004AF40C,FUN_004af40c,"souls.exe function, 770 bytes"
004AF70E,FUN_004af70e,"souls.exe function, 587 bytes"
004AF959,FUN_004af959,"souls.exe function, 299 bytes"
004AFA84,FUN_004afa84,"souls.exe function, 590 bytes"
004AFCD2,FUN_004afcd2,"souls.exe function, 302 bytes"
004AFE00,FUN_004afe00,"souls.exe function, 490 bytes"
004AFFEA,FUN_004affea,"souls.exe function, 103 bytes"
004B0060,FUN_004b0060,"souls.exe function, 105 bytes"
004B00C9,FUN_004b00c9,"souls.exe function, 60 bytes"
004B0105,FUN_004b0105,"souls.exe function, 57 bytes"
004B013E,FUN_004b013e,"souls.exe function, 57 bytes"
004B0180,FUN_004b0180,"souls.exe function, 873 bytes"
004B0502,FUN_004b0502,"souls.exe function, 337 bytes"
004B0653,FUN_004b0653,"souls.exe function, 199 bytes"
004B071A,FUN_004b071a,"souls.exe function, 86 bytes"
004B0770,FUN_004b0770,"souls.exe function, 1014 bytes"
004B0B66,FUN_004b0b66,"souls.exe function, 233 bytes"
004B0C4F,FUN_004b0c4f,"souls.exe function, 608 bytes"
004B0EAF,FUN_004b0eaf,"souls.exe function, 67 bytes"
004B0F00,FUN_004b0f00,"souls.exe function, 134 bytes"
004B0F86,FUN_004b0f86,"souls.exe function, 109 bytes"
004B0FF3,FUN_004b0ff3,"souls.exe function, 108 bytes"
004B105F,FUN_004b105f,"souls.exe function, 44 bytes"
004B108B,FUN_004b108b,"souls.exe function, 56 bytes"
004B10C3,FUN_004b10c3,"souls.exe function, 90 bytes"
004B111D,FUN_004b111d,"souls.exe function, 242 bytes"
004B120F,FUN_004b120f,"souls.exe function, 253 bytes"
004B1311,FUN_004b1311,"souls.exe function, 423 bytes"
004B14B8,FUN_004b14b8,"souls.exe function, 344 bytes"
004B1610,FUN_004b1610,"souls.exe function, 314 bytes"
004B174A,FUN_004b174a,"souls.exe function, 289 bytes"
004B186B,FUN_004b186b,"souls.exe function, 352 bytes"
004B19CB,FUN_004b19cb,"souls.exe function, 11 bytes"
004B19D6,FUN_004b19d6,"souls.exe function, 64 bytes"
004B1A16,FUN_004b1a16,"souls.exe function, 366 bytes"
004B1B84,FUN_004b1b84,"souls.exe function, 28 bytes"
004B1BA0,FUN_004b1ba0,"souls.exe function, 230 bytes"
004B1C90,FUN_004b1c90,"souls.exe function, 326 bytes"
004B1DE0,FUN_004b1de0,"souls.exe function, 30 bytes"
004B1DFE,FUN_004b1dfe,"souls.exe function, 37 bytes"
004B1E23,FUN_004b1e23,"souls.exe function, 111 bytes"
004B1E92,FUN_004b1e92,"souls.exe function, 34 bytes"
004B1EB4,FUN_004b1eb4,"souls.exe function, 29 bytes"
004B1EE0,FUN_004b1ee0,"souls.exe function, 29 bytes"
004B1EFD,FUN_004b1efd,"souls.exe function, 24 bytes"
004B1F15,FUN_004b1f15,"souls.exe function, 29 bytes"
004B1F32,FUN_004b1f32,"souls.exe function, 24 bytes"
004B1F4A,FUN_004b1f4a,"souls.exe function, 19 bytes"
004B1F5D,FUN_004b1f5d,"souls.exe function, 37 bytes"
004B1F82,FUN_004b1f82,"souls.exe function, 18 bytes"
004B1F94,FUN_004b1f94,"souls.exe function, 11 bytes"
004B1FA0,FUN_004b1fa0,"souls.exe function, 331 bytes"
004B20EB,FUN_004b20eb,"souls.exe function, 258 bytes"
004B21ED,FUN_004b21ed,"souls.exe function, 219 bytes"
004B22CD,FUN_004b22cd,"souls.exe function, 386 bytes"
004B244F,FUN_004b244f,"souls.exe function, 181 bytes"
004B2504,FUN_004b2504,"souls.exe function, 500 bytes"
004B26F8,FUN_004b26f8,"souls.exe function, 291 bytes"
004B281B,FUN_004b281b,"souls.exe function, 242 bytes"
004B290D,FUN_004b290d,"souls.exe function, 48 bytes"
004B2940,FUN_004b2940,"souls.exe function, 400 bytes"
004B2AD0,FUN_004b2ad0,"souls.exe function, 33 bytes"
004B2AF1,FUN_004b2af1,"souls.exe function, 140 bytes"
004B2B7D,FUN_004b2b7d,"souls.exe function, 114 bytes"
004B2BEF,FUN_004b2bef,"souls.exe function, 666 bytes"
004B2E89,FUN_004b2e89,"souls.exe function, 18 bytes"
004B2E9B,FUN_004b2e9b,"souls.exe function, 562 bytes"
004B30CD,FUN_004b30cd,"souls.exe function, 539 bytes"
004B32E8,FUN_004b32e8,"souls.exe function, 377 bytes"
004B3461,FUN_004b3461,"souls.exe function, 2273 bytes"
004B3D50,FUN_004b3d50,"souls.exe function, 727 bytes"
004B4027,FUN_004b4027,"souls.exe function, 460 bytes"
004B41F3,FUN_004b41f3,"souls.exe function, 370 bytes"
004B4365,FUN_004b4365,"souls.exe function, 131 bytes"
004B43E8,FUN_004b43e8,"souls.exe function, 479 bytes"
004B45C7,FUN_004b45c7,"souls.exe function, 1713 bytes"
004B4C78,FUN_004b4c78,"souls.exe function, 182 bytes"
004B4D30,FUN_004b4d30,"souls.exe function, 224 bytes"
004B4E10,FUN_004b4e10,"souls.exe function, 1153 bytes"
004B5291,FUN_004b5291,"souls.exe function, 783 bytes"
004B55A0,FUN_004b55a0,"souls.exe function, 192 bytes"
004B5660,FUN_004b5660,"souls.exe function, 923 bytes"
004B59FB,FUN_004b59fb,"souls.exe function, 386 bytes"
004B5B7D,FUN_004b5b7d,"souls.exe function, 1495 bytes"
004B6160,FUN_004b6160,"souls.exe function, 172 bytes"
004B620C,FUN_004b620c,"souls.exe function, 859 bytes"
004B65A0,FUN_004b65a0,"souls.exe function, 241 bytes"
004B6691,FUN_004b6691,"souls.exe function, 340 bytes"
004B67EA,FUN_004b67ea,"souls.exe function, 164 bytes"
004B688E,FUN_004b688e,"souls.exe function, 258 bytes"
004B6990,FUN_004b6990,"souls.exe function, 269 bytes"
004B6AA0,FUN_004b6aa0,"souls.exe function, 778 bytes"
004B6DAA,FUN_004b6daa,"souls.exe function, 53 bytes"
004B6DDF,FUN_004b6ddf,"souls.exe function, 354 bytes"
004B6F41,FUN_004b6f41,"souls.exe function, 19 bytes"
004B6F54,FUN_004b6f54,"souls.exe function, 20 bytes"
004B6F68,FUN_004b6f68,"souls.exe function, 272 bytes"
004B7078,FUN_004b7078,"souls.exe function, 146 bytes"
004B710A,FUN_004b710a,"souls.exe function, 185 bytes"
004B71C3,FUN_004b71c3,"souls.exe function, 284 bytes"
004B72DF,FUN_004b72df,"souls.exe function, 434 bytes"
004B74A0,FUN_004b74a0,"souls.exe function, 796 bytes"
004B77DA,FUN_004b77da,"souls.exe function, 344 bytes"
004B7932,FUN_004b7932,"souls.exe function, 317 bytes"
004B7A6F,FUN_004b7a6f,"souls.exe function, 162 bytes"
004B7B11,FUN_004b7b11,"souls.exe function, 46 bytes"
004B7B3F,FUN_004b7b3f,"souls.exe function, 368 bytes"
004B7CAF,FUN_004b7caf,"souls.exe function, 11 bytes"
004B7CC0,FUN_004b7cc0,"souls.exe function, 197 bytes"
004B7D85,FUN_004b7d85,"souls.exe function, 344 bytes"
004B7EDD,FUN_004b7edd,"souls.exe function, 45 bytes"
004B7F0A,FUN_004b7f0a,"souls.exe function, 291 bytes"
004B802D,FUN_004b802d,"souls.exe function, 71 bytes"
004B8074,FUN_004b8074,"souls.exe function, 519 bytes"
004B827B,FUN_004b827b,"souls.exe function, 746 bytes"
004B8570,FUN_004b8570,"souls.exe function, 489 bytes"
004B8759,FUN_004b8759,"souls.exe function, 267 bytes"
004B8864,FUN_004b8864,"souls.exe function, 455 bytes"
004B8A2B,FUN_004b8a2b,"souls.exe function, 206 bytes"
004B8AF9,FUN_004b8af9,"souls.exe function, 260 bytes"
004B8BFD,FUN_004b8bfd,"souls.exe function, 344 bytes"
004B8D55,FUN_004b8d55,"souls.exe function, 843 bytes"
004B90A0,FUN_004b90a0,"souls.exe function, 661 bytes"
004B9335,FUN_004b9335,"souls.exe function, 927 bytes"
004B96D4,FUN_004b96d4,"souls.exe function, 64 bytes"
004B9714,FUN_004b9714,"souls.exe function, 257 bytes"
004B9815,FUN_004b9815,"souls.exe function, 1365 bytes"
004B9D6A,FUN_004b9d6a,"souls.exe function, 520 bytes"
004B9F77,FUN_004b9f77,"souls.exe function, 121 bytes"
004B9FF0,FUN_004b9ff0,"souls.exe function, 108 bytes"
004BA05C,FUN_004ba05c,"souls.exe function, 397 bytes"
004BA1E9,FUN_004ba1e9,"souls.exe function, 11 bytes"
004BA1F4,FUN_004ba1f4,"souls.exe function, 33 bytes"
004BA220,FUN_004ba220,"souls.exe function, 251 bytes"
004BA31B,FUN_004ba31b,"souls.exe function, 461 bytes"
004BA4E8,FUN_004ba4e8,"souls.exe function, 376 bytes"
004BA660,FUN_004ba660,"souls.exe function, 41 bytes"
004BA689,FUN_004ba689,"souls.exe function, 431 bytes"
004BA838,FUN_004ba838,"souls.exe function, 40 bytes"
004BA860,FUN_004ba860,"souls.exe function, 109 bytes"
004BA8CD,FUN_004ba8cd,"souls.exe function, 400 bytes"
004BAA62,FUN_004baa62,"souls.exe function, 192 bytes"
004BAB22,FUN_004bab22,"souls.exe function, 224 bytes"
004BAC02,FUN_004bac02,"souls.exe function, 215 bytes"
004BACD9,FUN_004bacd9,"souls.exe function, 229 bytes"
004BADBE,FUN_004badbe,"souls.exe function, 316 bytes"
004BAEFA,FUN_004baefa,"souls.exe function, 358 bytes"
004BB060,FUN_004bb060,"souls.exe function, 570 bytes"
004BB29A,FUN_004bb29a,"souls.exe function, 11 bytes"
004BB2A5,FUN_004bb2a5,"souls.exe function, 37 bytes"
004BB2D0,FUN_004bb2d0,"souls.exe function, 221 bytes"
004BB3AD,FUN_004bb3ad,"souls.exe function, 158 bytes"
004BB450,FUN_004bb450,"souls.exe function, 245 bytes"
004BB550,FUN_004bb550,"souls.exe function, 291 bytes"
004BB673,FUN_004bb673,"souls.exe function, 287 bytes"
004BB797,FUN_004bb797,"souls.exe function, 140 bytes"
004BB823,FUN_004bb823,"souls.exe function, 690 bytes"
004BBAD5,FUN_004bbad5,"souls.exe function, 693 bytes"
004BBD8A,FUN_004bbd8a,"souls.exe function, 509 bytes"
004BBF90,FUN_004bbf90,"souls.exe function, 419 bytes"
004BC133,FUN_004bc133,"souls.exe function, 1044 bytes"
004BC547,FUN_004bc547,"souls.exe function, 155 bytes"
004BC5E2,FUN_004bc5e2,"souls.exe function, 629 bytes"
004BC857,FUN_004bc857,"souls.exe function, 413 bytes"
004BC9F4,FUN_004bc9f4,"souls.exe function, 568 bytes"
004BCC2C,FUN_004bcc2c,"souls.exe function, 319 bytes"
004BCD6B,FUN_004bcd6b,"souls.exe function, 90 bytes"
004BCDC5,FUN_004bcdc5,"souls.exe function, 240 bytes"
004BCEB5,FUN_004bceb5,"souls.exe function, 73 bytes"
004BCEFE,FUN_004bcefe,"souls.exe function, 160 bytes"
004BCF9E,FUN_004bcf9e,"souls.exe function, 284 bytes"
004BD0BA,FUN_004bd0ba,"souls.exe function, 269 bytes"
004BD1C7,FUN_004bd1c7,"souls.exe function, 326 bytes"
004BD310,FUN_004bd310,"souls.exe function, 125 bytes"
004BD38D,FUN_004bd38d,"souls.exe function, 805 bytes"
004BD6B2,FUN_004bd6b2,"souls.exe function, 448 bytes"
004BD872,FUN_004bd872,"souls.exe function, 299 bytes"
004BD99D,FUN_004bd99d,"souls.exe function, 112 bytes"
004BDA0D,FUN_004bda0d,"souls.exe function, 101 bytes"
004BDA72,FUN_004bda72,"souls.exe function, 252 bytes"
004BDB6E,FUN_004bdb6e,"souls.exe function, 47 bytes"
004BDB9D,FUN_004bdb9d,"souls.exe function, 170 bytes"
004BDC47,FUN_004bdc47,"souls.exe function, 74 bytes"
004BDC91,FUN_004bdc91,"souls.exe function, 580 bytes"
004BDED5,FUN_004bded5,"souls.exe function, 296 bytes"
004BDFFD,FUN_004bdffd,"souls.exe function, 881 bytes"
004BE36E,FUN_004be36e,"souls.exe function, 108 bytes"
004BE3DA,FUN_004be3da,"souls.exe function, 325 bytes"
004BE520,FUN_004be520,"souls.exe function, 273 bytes"
004BE636,FUN_004be636,"souls.exe function, 771 bytes"
004BE93E,FUN_004be93e,"souls.exe function, 773 bytes"
004BEC43,FUN_004bec43,"souls.exe function, 693 bytes"
004BEF00,FUN_004bef00,"souls.exe function, 268 bytes"
004BF00C,FUN_004bf00c,"souls.exe function, 111 bytes"
004BF07B,FUN_004bf07b,"souls.exe function, 527 bytes"
004BF28A,FUN_004bf28a,"souls.exe function, 76 bytes"
004BF2D6,FUN_004bf2d6,"souls.exe function, 769 bytes"
004BF5D7,FUN_004bf5d7,"souls.exe function, 320 bytes"
004BF720,FUN_004bf720,"souls.exe function, 603 bytes"
004BF97B,FUN_004bf97b,"souls.exe function, 11 bytes"
004BF986,FUN_004bf986,"souls.exe function, 146 bytes"
004BFA18,FUN_004bfa18,"souls.exe function, 348 bytes"
004BFB74,FUN_004bfb74,"souls.exe function, 129 bytes"
004BFBF5,FUN_004bfbf5,"souls.exe function, 87 bytes"
004BFC4C,FUN_004bfc4c,"souls.exe function, 198 bytes"
004BFD12,FUN_004bfd12,"souls.exe function, 245 bytes"
004BFE07,FUN_004bfe07,"souls.exe function, 882 bytes"
004C0179,FUN_004c0179,"souls.exe function, 531 bytes"
004C0390,FUN_004c0390,"souls.exe function, 1013 bytes"
004C07B7,FUN_004c07b7,"souls.exe function, 373 bytes"
004C092C,FUN_004c092c,"souls.exe function, 334 bytes"
004C0A7A,FUN_004c0a7a,"souls.exe function, 202 bytes"
004C0B44,FUN_004c0b44,"souls.exe function, 385 bytes"
004C0CC5,FUN_004c0cc5,"souls.exe function, 127 bytes"
004C0D44,FUN_004c0d44,"souls.exe function, 167 bytes"
004C0DEB,FUN_004c0deb,"souls.exe function, 11 bytes"
004C0E00,FUN_004c0e00,"souls.exe function, 329 bytes"
004C0F49,FUN_004c0f49,"souls.exe function, 829 bytes"
004C1286,FUN_004c1286,"souls.exe function, 1587 bytes"
004C18B9,FUN_004c18b9,"souls.exe function, 719 bytes"
004C1B88,FUN_004c1b88,"souls.exe function, 411 bytes"
004C1D23,FUN_004c1d23,"souls.exe function, 751 bytes"
004C2012,FUN_004c2012,"souls.exe function, 62 bytes"
004C2050,FUN_004c2050,"souls.exe function, 195 bytes"
004C2120,FUN_004c2120,"souls.exe function, 1489 bytes"
004C2700,FUN_004c2700,"souls.exe function, 1640 bytes"
004C2D70,FUN_004c2d70,"souls.exe function, 2192 bytes"
004C3600,FUN_004c3600,"souls.exe function, 1377 bytes"
004C3B61,FUN_004c3b61,"souls.exe function, 761 bytes"
004C3E5A,FUN_004c3e5a,"souls.exe function, 92 bytes"
004C3EC0,FUN_004c3ec0,"souls.exe function, 838 bytes"
004C4210,FUN_004c4210,"souls.exe function, 954 bytes"
004C45D0,FUN_004c45d0,"souls.exe function, 1504 bytes"
004C5660,FUN_004c5660,"souls.exe function, 47 bytes"
004C56D0,`eh_vector_destructor_iterator',"souls.exe function, 112 bytes"
004C5740,FUN_004c5740,"souls.exe function, 28 bytes"
004C5760,__ArrayUnwind,"souls.exe function, 103 bytes"
004C5800,`eh_vector_constructor_iterator',"souls.exe function, 112 bytes"
004C5870,FUN_004c5870,"souls.exe function, 28 bytes"
004C5890,FUN_004c5890,"souls.exe function, 156 bytes"
004C5930,FUN_004c5930,"souls.exe function, 19 bytes"
004C5960,__alldiv,"souls.exe function, 170 bytes"
004C5A90,__allshl,"souls.exe function, 31 bytes"
004C5AB0,FUN_004c5ab0,"souls.exe function, 30 bytes"
004C5AF0,entry,"souls.exe function, 350 bytes"
004C5CC0,__setdefaultprecision,"souls.exe function, 19 bytes"
004C5CF0,FUN_004c5cf0,"souls.exe function, 1 bytes"
004C5D40,_WinMain@16,"souls.exe function, 25 bytes"
004C5D59,FUN_004c5d59,"souls.exe function, 45 bytes"
